rank,city,state,niche,payout_type,payout,avg_payout,zips,population,density,county,score
"1","Langhorne","PA","Garage Door","CPL","86","53.67","3","1657","1227","Bucks","115.24"
"2","Rural Hall","NC","Garage Door","CPL","74","74","4","3466","463","Forsyth","103.4"
"3","Doylestown","PA","Garage Door","CPL","86","86","2","2592","477","Bucks","89.06"
"4","Lithonia","GA","Garage Door","CPL","74","74","2","2622","1088","DeKalb","76.28"
"5","Mission","KS","Garage Door","CPL","77.5","77.5","4","9915","1437","Johnson","71.12"
"6","Farmersville","TX","Garage Door","CPL","81.5","81.5","2","4018","362","Collin","70.82"
"7","Jonesboro","GA","Garage Door","CPL","74","74","3","6143","792","Clayton","69.21"
"8","Martinsville","VA","Garage Door","CPL","85.5","82.63","4","13658","479","Martinsville","69.03"
"9","Stone Mountain","GA","Garage Door","CPL","74","74","3","6623","1553","DeKalb","67.16"
"10","Decatur","GA","Garage Door","CPL","74","74","7","24518","2051","DeKalb","66.14"
"11","Riverside","MO","Garage Door","CPL","78","78","2","4276","290","Platte","66.11"
"12","Montgomery","AL","Garage Door","CPL","74","74","30","254752","479","Montgomery","62.1"
"13","Cumming","GA","Garage Door","CPL","74","74","3","8469","402","Forsyth","60.87"
"14","Bensalem","PA","Garage Door","CPL","86","86","1","2251","1506","Bucks","59.61"
"15","Bristol","PA","Garage Door","CPL","86","86","1","2358","602","Bucks","59.61"
"16","Coopersburg","PA","Garage Door","CPL","86","86","1","2495","987","Lehigh","59.61"
"17","Dublin","PA","Garage Door","CPL","86","86","1","2164","1400","Bucks","59.61"
"18","Ferndale","PA","Garage Door","CPL","86","86","1","1517","1523","Cambria","59.61"
"19","Milford Square","PA","Garage Door","CPL","86","86","1","1312","534","Bucks","59.61"
"20","Rancho Santa Fe","CA","Garage Door","CPL","86","86","1","2260","148","San Diego","59.61"
"21","Richlandtown","PA","Garage Door","CPL","86","86","1","1209","1175","Bucks","59.61"
"22","Trabuco Canyon","CA","Garage Door","CPL","86","86","1","1326","73","Orange","59.61"
"23","Trumbauersville","PA","Garage Door","CPL","86","86","1","772","899","Bucks","59.61"
"24","Marietta","GA","Garage Door","CPL","78","78","10","62263","1003","Cobb","59.48"
"25","Advance","NC","Garage Door","CPL","85.5","85.5","1","1408","83","Davie","59.26"
"26","Blanch","NC","Garage Door","CPL","85.5","85.5","1","2215","132","Caswell","59.26"
"27","Cooleemee","NC","Garage Door","CPL","85.5","85.5","1","988","505","Davie","59.26"
"28","Danbury","NC","Garage Door","CPL","85.5","85.5","1","197","121","Stokes","59.26"
"29","East Bend","NC","Garage Door","CPL","85.5","85.5","1","715","226","Yadkin","59.26"
"30","Germanton","NC","Garage Door","CPL","85.5","85.5","1","1087","188","Stokes","59.26"
"31","Madison","NC","Garage Door","CPL","85.5","85.5","1","2242","240","Rockingham","59.26"
"32","Manchaca","TX","Garage Door","CPL","85.5","85.5","1","2171","395","Travis","59.26"
"33","Mayodan","NC","Garage Door","CPL","85.5","85.5","1","2401","328","Rockingham","59.26"
"34","McLeansville","NC","Garage Door","CPL","85.5","85.5","1","688","47","Guilford","59.26"
"35","Pilot Mountain","NC","Garage Door","CPL","85.5","85.5","1","1483","300","Surry","59.26"
"36","Pinnacle","NC","Garage Door","CPL","85.5","85.5","1","540","45","Stokes","59.26"
"37","Ruffin","NC","Garage Door","CPL","85.5","85.5","1","423","43","Rockingham","59.26"
"38","Sedalia","NC","Garage Door","CPL","85.5","85.5","1","772","131","Guilford","59.26"
"39","Stoneville","NC","Garage Door","CPL","85.5","85.5","1","1094","328","Rockingham","59.26"
"40","Toast","NC","Garage Door","CPL","85.5","85.5","1","893","273","Surry","59.26"
"41","Walnut Cove","NC","Garage Door","CPL","85.5","85.5","1","2115","313","Stokes","59.26"
"42","White Plains","NC","Garage Door","CPL","85.5","85.5","1","795","84","Surry","59.26"
"43","Whitsett","NC","Garage Door","CPL","85.5","85.5","1","569","89","Guilford","59.26"
"44","Yanceyville","NC","Garage Door","CPL","85.5","85.5","1","2215","132","Caswell","59.26"
"45","Plumsteadville","PA","Garage Door","CPL","86","86","1","2592","477","Bucks","58.75"
"46","New Hope","PA","Garage Door","CPL","86","86","1","2622","797","Bucks","58.49"
"47","Jasper","AL","Garage Door","CPL","74","74","4","14442","190","Walker","58.43"
"48","Riverdale","GA","Garage Door","CPL","74","74","4","14792","1308","Clayton","57.87"
"49","Spicewood","TX","Garage Door","CPL","85.5","85.5","1","2735","646","Travis","57.17"
"50","Reidsville","NC","Garage Door","CPL","85.5","85.5","3","14585","379","Rockingham","56.58"
"51","Alamance","NC","Garage Door","CPL","81.5","81.5","1","1267","659","Alamance","56.49"
"52","Altamahaw","NC","Garage Door","CPL","81.5","81.5","1","491","162","Alamance","56.49"
"53","Amo","IN","Garage Door","CPL","81.5","81.5","1","417","269","Hendricks","56.49"
"54","Archie","MO","Garage Door","CPL","81.5","81.5","1","1322","345","Cass","56.49"
"55","Blue Ridge","TX","Garage Door","CPL","81.5","81.5","1","1104","348","Collin","56.49"
"56","Clayton","IN","Garage Door","CPL","81.5","81.5","1","818","519","Hendricks","56.49"
"57","Cleveland","MO","Garage Door","CPL","81.5","81.5","1","968","248","Cass","56.49"
"58","Clifford","IN","Garage Door","CPL","81.5","81.5","1","165","229","Bartholomew","56.49"
"59","Coal City","IN","Garage Door","CPL","81.5","81.5","1","161","131","Owen","56.49"
"60","Coatesville","IN","Garage Door","CPL","81.5","81.5","1","566","337","Hendricks","56.49"
"61","Creighton","MO","Garage Door","CPL","81.5","81.5","1","302","521","Cass","56.49"
"62","Drexel","MO","Garage Door","CPL","81.5","81.5","1","924","147","Cass","56.49"
"63","East Lynne","MO","Garage Door","CPL","81.5","81.5","1","155","349","Cass","56.49"
"64","Elizabethtown","IN","Garage Door","CPL","81.5","81.5","1","372","650","Bartholomew","56.49"
"65","Freeman","MO","Garage Door","CPL","81.5","81.5","1","690","257","Cass","56.49"
"66","Garden City","MO","Garage Door","CPL","81.5","81.5","1","1742","240","Cass","56.49"
"67","Gosport","IN","Garage Door","CPL","81.5","81.5","1","1303","472","Owen","56.49"
"68","Grammer","IN","Garage Door","CPL","81.5","81.5","1","336","75","Bartholomew","56.49"
"69","Hartsville","IN","Garage Door","CPL","81.5","81.5","1","277","277","Bartholomew","56.49"
"70","Hope","IN","Garage Door","CPL","81.5","81.5","1","2029","806","Bartholomew","56.49"
"71","Jonesville","IN","Garage Door","CPL","81.5","81.5","1","129","264","Bartholomew","56.49"
"72","Lizton","IN","Garage Door","CPL","81.5","81.5","1","543","327","Hendricks","56.49"
"73","Nevada","TX","Garage Door","CPL","81.5","81.5","1","1319","209","Collin","56.49"
"74","North Salem","IN","Garage Door","CPL","81.5","81.5","1","741","725","Hendricks","56.49"
"75","Overbrook","KS","Garage Door","CPL","81.5","81.5","1","1113","720","Osage","56.49"
"76","Patricksburg","IN","Garage Door","CPL","81.5","81.5","1","356","227","Owen","56.49"
"77","Poland","IN","Garage Door","CPL","81.5","81.5","1","81","68","Clay","56.49"
"78","Quincy","IN","Garage Door","CPL","81.5","81.5","1","216","80","Morgan","56.49"
"79","Spencer","IN","Garage Door","CPL","81.5","81.5","1","2481","522","Owen","56.49"
"80","Stilesville","IN","Garage Door","CPL","81.5","81.5","1","296","351","Hendricks","56.49"
"81","Strasburg","MO","Garage Door","CPL","81.5","81.5","1","135","188","Cass","56.49"
"82","Taylorsville","IN","Garage Door","CPL","81.5","81.5","1","1248","355","Bartholomew","56.49"
"83","Weston","TX","Garage Door","CPL","81.5","81.5","1","284","19","Collin","56.49"
"84","Greensboro","NC","Garage Door","CPL","85.5","85.5","24","342060","858","Guilford","55.78"
"85","Ponder","TX","Garage Door","CPL","81.5","81.5","1","2626","289","Denton","55.39"
"86","Fort Worth","TX","Garage Door","CPL","81.5","81.5","51","963194","1033","Tarrant","55.23"
"87","Yadkinville","NC","Garage Door","CPL","85.5","85.5","1","3004","393","Yadkin","55.07"
"88","Birmingham","AL","Garage Door","CPL","74","74","51","773997","523","Jefferson","54.74"
"89","Coupland","TX","Garage Door","CPL","78","78","1","491","92","Williamson","54.07"
"90","Farley","MO","Garage Door","CPL","78","78","1","309","88","Platte","54.07"
"91","Florence","TX","Garage Door","CPL","78","78","1","1061","514","Williamson","54.07"
"92","Granger","TX","Garage Door","CPL","78","78","1","1046","588","Williamson","54.07"
"93","Levasy","MO","Garage Door","CPL","78","78","1","104","82","Jackson","54.07"
"94","Lone Jack","MO","Garage Door","CPL","78","78","1","1412","97","Jackson","54.07"
"95","Sibley","MO","Garage Door","CPL","78","78","1","369","147","Jackson","54.07"
"96","Thrall","TX","Garage Door","CPL","78","78","1","861","748","Williamson","54.07"
"97","Weir","TX","Garage Door","CPL","78","78","1","434","101","Williamson","54.07"
"98","Wallburg","NC","Garage Door","CPL","85.5","85.5","1","3150","214","Davidson","54.03"
"99","Austin","TX","Garage Door","CPL","85.5","85.13","72","1940039","1145","Travis","53.86"
"100","Haw River","NC","Garage Door","CPL","81.5","81.5","1","2824","322","Alamance","53.8"
"101","Edgerton","KS","Garage Door","CPL","77.5","77.5","1","1924","80","Johnson","53.72"
"102","Kansas City","KS","Garage Door","CPL","78.5","78.5","15","155135","479","Wyandotte","53"
"103","Auburntown","TN","Garage Door","CPL","75","75","1","318","218","Cannon","51.99"
"104","Charlotte","TN","Garage Door","CPL","75","75","1","2164","177","Dickson","51.99"
"105","Easton","KS","Garage Door","CPL","75","75","1","299","260","Leavenworth","51.99"
"106","Linwood","KS","Garage Door","CPL","75","75","1","312","208","Leavenworth","51.99"
"107","Pegram","TN","Garage Door","CPL","75","75","1","2089","118","Cheatham","51.99"
"108","Whitesburg","GA","Garage Door","CPL","75","75","1","525","61","Carroll","51.99"
"109","Lawrenceville","GA","Garage Door","CPL","78","78","5","30954","857","Gwinnett","51.9"
"110","Welcome","NC","Garage Door","CPL","85.5","85.5","1","3521","151","Davidson","51.68"
"111","Adams","TN","Garage Door","CPL","74","74","1","888","106","Robertson","51.29"
"112","Addyston","OH","Garage Door","CPL","74","74","1","904","393","Hamilton","51.29"
"113","Adger","AL","Garage Door","CPL","74","74","1","129","97","Jefferson","51.29"
"114","Adrian","MO","Garage Door","CPL","74","74","1","1857","463","Bates","51.29"
"115","Advance","IN","Garage Door","CPL","74","74","1","390","274","Boone","51.29"
"116","Altoona","AL","Garage Door","CPL","74","74","1","1252","102","Etowah","51.29"
"117","Arcadia","IN","Garage Door","CPL","74","74","1","1556","1189","Hamilton","51.29"
"118","Ashville","AL","Garage Door","CPL","74","74","1","2464","55","St. Clair","51.29"
"119","Atlanta","IN","Garage Door","CPL","74","74","1","816","632","Hamilton","51.29"
"120","Autaugaville","AL","Garage Door","CPL","74","74","1","809","55","Autauga","51.29"
"121","Avoca","IN","Garage Door","CPL","74","74","1","439","63","Lawrence","51.29"
"122","Axton","VA","Garage Door","CPL","74","74","1","1563","108","Henry","51.29"
"123","Bainbridge","IN","Garage Door","CPL","74","74","1","605","533","Putnam","51.29"
"124","Bethlehem","GA","Garage Door","CPL","74","74","1","707","99","Barrow","51.29"
"125","Billingsley","AL","Garage Door","CPL","74","74","1","115","23","Autauga","51.29"
"126","Boggstown","IN","Garage Door","CPL","74","74","1","597","87","Shelby","51.29"
"127","Bon Air","AL","Garage Door","CPL","74","74","1","141","34","Talladega","51.29"
"128","Bucyrus","KS","Garage Door","CPL","74","74","1","168","3","Miami","51.29"
"129","California","KY","Garage Door","CPL","74","74","1","49","230","Campbell","51.29"
"130","Camp Dennison","OH","Garage Door","CPL","74","74","1","265","216","Hamilton","51.29"
"131","Carrollton","IN","Garage Door","CPL","74","74","1","267","149","Hancock","51.29"
"132","Castalian Springs","TN","Garage Door","CPL","74","74","1","678","43","Sumner","51.29"
"133","Cedar Hill","TN","Garage Door","CPL","74","74","1","395","232","Robertson","51.29"
"134","Chapel Hill","TN","Garage Door","CPL","74","74","1","1712","154","Marshall","51.29"
"135","Charlottesville","IN","Garage Door","CPL","74","74","1","398","248","Hancock","51.29"
"136","Cloverdale","IN","Garage Door","CPL","74","74","1","2195","246","Putnam","51.29"
"137","Coker","AL","Garage Door","CPL","74","74","1","1058","228","Tuscaloosa","51.29"
"138","Coosada","AL","Garage Door","CPL","74","74","1","1105","59","Elmore","51.29"
"139","Cottontown","TN","Garage Door","CPL","74","74","1","374","37","Sumner","51.29"
"140","Cross Plains","TN","Garage Door","CPL","74","74","1","1922","80","Robertson","51.29"
"141","Deatsville","AL","Garage Door","CPL","74","74","1","2097","210","Elmore","51.29"
"142","Driftwood","TX","Garage Door","CPL","74","74","1","28","42","Hays","51.29"
"143","Eagleville","TN","Garage Door","CPL","74","74","1","999","113","Rutherford","51.29"
"144","Eclectic","AL","Garage Door","CPL","74","74","1","1141","113","Elmore","51.29"
"145","Elmore","AL","Garage Door","CPL","74","74","1","1517","91","Elmore","51.29"
"146","Emerson","GA","Garage Door","CPL","74","74","1","1573","76","Bartow","51.29"
"147","Eminence","IN","Garage Door","CPL","74","74","1","216","80","Morgan","51.29"
"148","Equality","AL","Garage Door","CPL","74","74","1","93","10","Coosa","51.29"
"149","Fairland","IN","Garage Door","CPL","74","74","1","660","212","Shelby","51.29"
"150","Fairmount","GA","Garage Door","CPL","74","74","1","1279","258","Gordon","51.29"
"151","Fayetteville","OH","Garage Door","CPL","74","74","1","324","230","Brown","51.29"
"152","Fieldale","VA","Garage Door","CPL","74","74","1","783","199","Henry","51.29"
"153","Fillmore","IN","Garage Door","CPL","74","74","1","895","151","Putnam","51.29"
"154","Flat Rock","IN","Garage Door","CPL","74","74","1","121","192","Shelby","51.29"
"155","Fontana","KS","Garage Door","CPL","74","74","1","409","192","Miami","51.29"
"156","Fort Deposit","AL","Garage Door","CPL","74","74","1","1525","106","Lowndes","51.29"
"157","Fountaintown","IN","Garage Door","CPL","74","74","1","119","60","Shelby","51.29"
"158","Franklinville","NC","Garage Door","CPL","74","74","1","1131","258","Randolph","51.29"
"159","Gallant","AL","Garage Door","CPL","74","74","1","1081","33","Etowah","51.29"
"160","Garden City","AL","Garage Door","CPL","74","74","1","557","98","Cullman","51.29"
"161","Goshen","OH","Garage Door","CPL","74","74","1","759","189","Clermont","51.29"
"162","Gwynneville","IN","Garage Door","CPL","74","74","1","198","182","Shelby","51.29"
"163","Hamersville","OH","Garage Door","CPL","74","74","1","918","623","Brown","51.29"
"164","Harpersville","AL","Garage Door","CPL","74","74","1","1788","29","Shelby","51.29"
"165","Harrodsburg","IN","Garage Door","CPL","74","74","1","298","28","Monroe","51.29"
"166","Hayden","AL","Garage Door","CPL","74","74","1","1389","131","Blount","51.29"
"167","Hayneville","AL","Garage Door","CPL","74","74","1","716","186","Lowndes","51.29"
"168","Helmsburg","IN","Garage Door","CPL","74","74","1","387","98","Brown","51.29"
"169","Heltonville","IN","Garage Door","CPL","74","74","1","11","61","Lawrence","51.29"
"170","Hillsdale","KS","Garage Door","CPL","74","74","1","117","29","Miami","51.29"
"171","Hollins","AL","Garage Door","CPL","74","74","1","465","20","Clay","51.29"
"172","Hooven","OH","Garage Door","CPL","74","74","1","403","72","Hamilton","51.29"
"173","Huron","IN","Garage Door","CPL","74","74","1","237","225","Lawrence","51.29"
"174","Hurtsboro","AL","Garage Door","CPL","74","74","1","421","212","Russell","51.29"
"175","Jamestown","IN","Garage Door","CPL","74","74","1","1107","495","Boone","51.29"
"176","Jasonville","IN","Garage Door","CPL","74","74","1","1979","691","Greene","51.29"
"177","Jersey","GA","Garage Door","CPL","74","74","1","148","73","Walton","51.29"
"178","Kings Mills","OH","Garage Door","CPL","74","74","1","1175","370","Warren","51.29"
"179","Kingston","GA","Garage Door","CPL","74","74","1","993","285","Bartow","51.29"
"180","Kingsville","MO","Garage Door","CPL","74","74","1","360","264","Johnson","51.29"
"181","Lascassas","TN","Garage Door","CPL","74","74","1","113","15","Rutherford","51.29"
"182","Lecompton","KS","Garage Door","CPL","74","74","1","736","239","Douglas","51.29"
"183","Loachapoka","AL","Garage Door","CPL","74","74","1","223","74","Lee","51.29"
"184","Lowndesboro","AL","Garage Door","CPL","74","74","1","70","53","Lowndes","51.29"
"185","Lyons","IN","Garage Door","CPL","74","74","1","920","413","Greene","51.29"
"186","Maineville","OH","Garage Door","CPL","74","74","1","2070","522","Warren","51.29"
"187","Maplesville","AL","Garage Door","CPL","74","74","1","1200","91","Chilton","51.29"
"188","Marbury","AL","Garage Door","CPL","74","74","1","1570","27","Autauga","51.29"
"189","Maxwell","IN","Garage Door","CPL","74","74","1","413","179","Hancock","51.29"
"190","McLouth","KS","Garage Door","CPL","74","74","1","864","597","Jefferson","51.29"
"191","Melbourne","KY","Garage Door","CPL","74","74","1","627","249","Campbell","51.29"
"192","Miamitown","OH","Garage Door","CPL","74","74","1","1169","273","Hamilton","51.29"
"193","Miamiville","OH","Garage Door","CPL","74","74","1","97","298","Clermont","51.29"
"194","Midland","IN","Garage Door","CPL","74","74","1","159","79","Greene","51.29"
"195","Monrovia","IN","Garage Door","CPL","74","74","1","2055","450","Morgan","51.29"
"196","Morgantown","IN","Garage Door","CPL","74","74","1","1308","959","Morgan","51.29"
"197","Morristown","IN","Garage Door","CPL","74","74","1","1134","100","Shelby","51.29"
"198","Moscow","OH","Garage Door","CPL","74","74","1","147","34","Clermont","51.29"
"199","Mount Berry","GA","Garage Door","CPL","74","74","1","1647","541","Floyd","51.29"
"200","Munford","AL","Garage Door","CPL","74","74","1","1508","247","Talladega","51.29"
"201","Nashville","IN","Garage Door","CPL","74","74","1","1386","342","Brown","51.29"
"202","Nelson","GA","Garage Door","CPL","74","74","1","1166","244","Cherokee","51.29"
"203","Newberry","IN","Garage Door","CPL","74","74","1","121","95","Greene","51.29"
"204","Nineveh","IN","Garage Door","CPL","74","74","1","559","338","Johnson","51.29"
"205","North Bend","OH","Garage Door","CPL","74","74","1","1148","385","Hamilton","51.29"
"206","Notasulga","AL","Garage Door","CPL","74","74","1","1050","30","Macon","51.29"
"207","Ohatchee","AL","Garage Door","CPL","74","74","1","1148","69","Calhoun","51.29"
"208","Oolitic","IN","Garage Door","CPL","74","74","1","1522","846","Lawrence","51.29"
"209","Owensburg","IN","Garage Door","CPL","74","74","1","447","48","Greene","51.29"
"210","Owensville","OH","Garage Door","CPL","74","74","1","620","480","Clermont","51.29"
"211","Oxford","GA","Garage Door","CPL","74","74","1","1770","349","Newton","51.29"
"212","Paragon","IN","Garage Door","CPL","74","74","1","537","729","Morgan","51.29"
"213","Patrick Springs","VA","Garage Door","CPL","74","74","1","2223","52","Patrick","51.29"
"214","Perry","KS","Garage Door","CPL","74","74","1","1069","559","Jefferson","51.29"
"215","Petersburg","KY","Garage Door","CPL","74","74","1","771","33","Boone","51.29"
"216","Pine Lake","GA","Garage Door","CPL","74","74","1","882","1515","DeKalb","51.29"
"217","Plainville","GA","Garage Door","CPL","74","74","1","360","181","Gordon","51.29"
"218","Pleasant Plain","OH","Garage Door","CPL","74","74","1","190","277","Warren","51.29"
"219","Porterdale","GA","Garage Door","CPL","74","74","1","1466","210","Newton","51.29"
"220","Putnamville","IN","Garage Door","CPL","74","74","1","1959","396","Putnam","51.29"
"221","Ranger","GA","Garage Door","CPL","74","74","1","134","34","Gordon","51.29"
"222","Rantoul","KS","Garage Door","CPL","74","74","1","130","190","Franklin","51.29"
"223","Ridgetop","TN","Garage Door","CPL","74","74","1","1995","281","Robertson","51.29"
"224","Ridgeway","VA","Garage Door","CPL","74","74","1","1051","437","Henry","51.29"
"225","Roachdale","IN","Garage Door","CPL","74","74","1","971","586","Putnam","51.29"
"226","Rockford","AL","Garage Door","CPL","74","74","1","622","91","Coosa","51.29"
"227","Rockvale","TN","Garage Door","CPL","74","74","1","1611","112","Rutherford","51.29"
"228","Russellville","IN","Garage Door","CPL","74","74","1","308","236","Putnam","51.29"
"229","Scotland","IN","Garage Door","CPL","74","74","1","53","43","Greene","51.29"
"230","Shannon","GA","Garage Door","CPL","74","74","1","2012","125","Floyd","51.29"
"231","Sharpsburg","GA","Garage Door","CPL","74","74","1","309","134","Coweta","51.29"
"232","Shelby","AL","Garage Door","CPL","74","74","1","809","14","Shelby","51.29"
"233","Shorter","AL","Garage Door","CPL","74","74","1","404","28","Macon","51.29"
"234","Silver Grove","KY","Garage Door","CPL","74","74","1","1008","370","Campbell","51.29"
"235","Sipsey","AL","Garage Door","CPL","74","74","1","288","227","Walker","51.29"
"236","Solsberry","IN","Garage Door","CPL","74","74","1","184","77","Greene","51.29"
"237","Spencer","VA","Garage Door","CPL","74","74","1","2236","88","Henry","51.29"
"238","Springville","IN","Garage Door","CPL","74","74","1","447","48","Greene","51.29"
"239","Stanford","IN","Garage Door","CPL","74","74","1","472","102","Monroe","51.29"
"240","Stanleytown","VA","Garage Door","CPL","74","74","1","1386","183","Henry","51.29"
"241","Steele","AL","Garage Door","CPL","74","74","1","1149","74","St. Clair","51.29"
"242","Sterrett","AL","Garage Door","CPL","74","74","1","805","15","Shelby","51.29"
"243","Stinesville","IN","Garage Door","CPL","74","74","1","297","124","Monroe","51.29"
"244","Switz City","IN","Garage Door","CPL","74","74","1","306","322","Greene","51.29"
"245","Talmo","GA","Garage Door","CPL","74","74","1","369","46","Jackson","51.29"
"246","Taylorsville","GA","Garage Door","CPL","74","74","1","335","102","Bartow","51.29"
"247","Terrace Park","OH","Garage Door","CPL","74","74","1","2295","743","Hamilton","51.29"
"248","Thorntown","IN","Garage Door","CPL","74","74","1","1212","727","Boone","51.29"
"249","Thorsby","AL","Garage Door","CPL","74","74","1","2365","172","Chilton","51.29"
"250","Trafalgar","IN","Garage Door","CPL","74","74","1","1469","216","Johnson","51.29"
"251","Tunnelton","IN","Garage Door","CPL","74","74","1","64","72","Lawrence","51.29"
"252","Tyler","AL","Garage Door","CPL","74","74","1","875","16","Lowndes","51.29"
"253","Vance","AL","Garage Door","CPL","74","74","1","2105","69","Tuscaloosa","51.29"
"254","Vandiver","AL","Garage Door","CPL","74","74","1","990","17","Shelby","51.29"
"255","Vincent","AL","Garage Door","CPL","74","74","1","2050","35","Shelby","51.29"
"256","Waldron","IN","Garage Door","CPL","74","74","1","606","224","Shelby","51.29"
"257","Waleska","GA","Garage Door","CPL","74","74","1","808","173","Cherokee","51.29"
"258","Watertown","TN","Garage Door","CPL","74","74","1","1463","405","Wilson","51.29"
"259","Wellsville","KS","Garage Door","CPL","74","74","1","2216","450","Franklin","51.29"
"260","Weogufka","AL","Garage Door","CPL","74","74","1","184","19","Coosa","51.29"
"261","West Blocton","AL","Garage Door","CPL","74","74","1","1077","106","Bibb","51.29"
"262","West Harrison","IN","Garage Door","CPL","74","74","1","285","927","Dearborn","51.29"
"263","Westover","AL","Garage Door","CPL","74","74","1","2298","45","Shelby","51.29"
"264","White","GA","Garage Door","CPL","74","74","1","953","279","Bartow","51.29"
"265","Wilkinson","IN","Garage Door","CPL","74","74","1","385","389","Hancock","51.29"
"266","Williams","IN","Garage Door","CPL","74","74","1","200","44","Lawrence","51.29"
"267","Wilsonville","AL","Garage Door","CPL","74","74","1","1879","76","Shelby","51.29"
"268","Winston","GA","Garage Door","CPL","74","74","1","1881","230","Douglas","51.29"
"269","Woodstock","AL","Garage Door","CPL","74","74","1","1218","68","Bibb","51.29"
"270","Worthington","IN","Garage Door","CPL","74","74","1","1411","817","Greene","51.29"
"271","Morrow","OH","Garage Door","CPL","74","74","1","2523","479","Warren","51.11"
"272","Aragon","GA","Garage Door","CPL","74","74","1","2536","818","Polk","51"
"273","Buckner","MO","Garage Door","CPL","78","78","1","2914","631","Jackson","50.85"
"274","Brooklyn","IN","Garage Door","CPL","74","74","1","2570","940","Morgan","50.73"
"275","Coaling","AL","Garage Door","CPL","74","74","1","2573","174","Tuscaloosa","50.71"
"276","Haslet","TX","Garage Door","CPL","81.5","81.5","1","3280","116","Tarrant","50.68"
"277","Jamestown","NC","Garage Door","CPL","85.5","85.5","1","3708","475","Guilford","50.62"
"278","Ross","OH","Garage Door","CPL","74","74","1","2601","335","Butler","50.49"
"279","Williamsburg","OH","Garage Door","CPL","74","74","1","2608","391","Clermont","50.43"
"280","Austell","GA","Garage Door","CPL","78","78","2","8447","506","Cobb","50.35"
"281","Wetumpka","AL","Garage Door","CPL","74","74","2","7437","250","Elmore","50.27"
"282","Cottondale","AL","Garage Door","CPL","74","74","1","2632","320","Tuscaloosa","50.25"
"283","Bethel","OH","Garage Door","CPL","74","74","1","2658","710","Clermont","50.05"
"284","Tobaccoville","NC","Garage Door","CPL","74","74","1","2664","133","Forsyth","50.01"
"285","Del Mar","CA","Garage Door","CPL","86","86","1","3903","882","San Diego","49.88"
"286","Liberty","NC","Garage Door","CPL","74","74","1","2682","326","Randolph","49.87"
"287","Newport","KY","Garage Door","CPL","74","74","3","13967","1965","Campbell","49.83"
"288","Kingston Springs","TN","Garage Door","CPL","75","75","1","2791","108","Cheatham","49.75"
"289","Brookwood","AL","Garage Door","CPL","74","74","1","2706","115","Tuscaloosa","49.69"
"290","Warminster","PA","Garage Door","CPL","86","86","1","3940","2458","Bucks","49.69"
"291","Bloomfield","IN","Garage Door","CPL","74","74","1","2713","669","Greene","49.64"
"292","Centreville","AL","Garage Door","CPL","74","74","1","2741","113","Bibb","49.44"
"293","New Richmond","OH","Garage Door","CPL","74","74","1","2766","301","Clermont","49.26"
"294","Batavia","OH","Garage Door","CPL","74","74","1","2794","330","Clermont","49.06"
"295","Jemison","AL","Garage Door","CPL","74","74","1","2796","93","Chilton","49.05"
"296","Kansas City","MO","Garage Door","CPL","78","77.27","66","1714910","624","Jackson","48.99"
"297","Covington","GA","Garage Door","CPL","74","74","3","14584","349","Newton","48.97"
"298","Ball Ground","GA","Garage Door","CPL","74","74","1","2856","160","Cherokee","48.63"
"299","Jarrell","TX","Garage Door","CPL","78","78","1","3295","273","Williamson","48.41"
"300","Wimberley","TX","Garage Door","CPL","74","74","1","2891","124","Hays","48.4"
"301","Chalfont","PA","Garage Door","CPL","86","86","1","4346","1026","Bucks","47.78"
"302","Forest Oaks","NC","Garage Door","CPL","85.5","85.5","1","4293","330","Guilford","47.74"
"303","Dadeville","AL","Garage Door","CPL","74","74","1","2993","74","Tallapoosa","47.73"
"304","Statham","GA","Garage Door","CPL","74","74","1","3018","279","Barrow","47.57"
"305","Buford","GA","Garage Door","CPL","78","78","3","17997","358","Gwinnett","47.46"
"306","Overland Park","KS","Garage Door","CPL","77.5","77.5","15","200306","1011","Johnson","47.24"
"307","Levittown","PA","Garage Door","CPL","86","76.3","5","50926","1909","Bucks","46.89"
"308","Clanton","AL","Garage Door","CPL","74","74","2","8958","148","Chilton","46.66"
"309","Sheridan","IN","Garage Door","CPL","74","74","1","3205","514","Hamilton","46.44"
"310","New Palestine","IN","Garage Door","CPL","74","74","1","3227","572","Hancock","46.31"
"311","Union Springs","AL","Garage Door","CPL","74","74","1","3248","191","Bullock","46.19"
"312","Pittsboro","IN","Garage Door","CPL","81.5","81.5","1","4156","360","Hendricks","46.1"
"313","Selma","AL","Garage Door","CPL","74","74","3","17057","488","Dallas","46"
"314","Smithville","IN","Garage Door","CPL","74","74","1","3299","116","Monroe","45.91"
"315","Cleves","OH","Garage Door","CPL","74","74","1","3388","844","Hamilton","45.42"
"316","Telford","PA","Garage Door","CPL","84","84","1","4829","1845","Bucks","44.74"
"317","Pleasant Garden","NC","Garage Door","CPL","85.5","85.5","1","5060","128","Guilford","44.7"
"318","Avondale Estates","GA","Garage Door","CPL","74","74","1","3530","1113","DeKalb","44.68"
"319","Conyers","GA","Garage Door","CPL","74","74","3","18512","588","Rockdale","44.52"
"320","Mount Olive","AL","Garage Door","CPL","74","74","1","3567","143","Jefferson","44.49"
"321","Moundville","AL","Garage Door","CPL","74","74","1","3754","306","Hale","43.59"
"322","Arlington","TX","Garage Door","CPL","81.5","81.5","19","397742","1590","Tarrant","43.51"
"323","Eden","NC","Garage Door","CPL","85.5","85.5","2","15356","417","Rockingham","43.46"
"324","Flowery Branch","GA","Garage Door","CPL","74","74","2","10925","545","Hall","43.1"
"325","Mitchell","IN","Garage Door","CPL","74","74","1","3937","423","Lawrence","42.77"
"326","White Bluff","TN","Garage Door","CPL","75","75","1","4080","239","Dickson","42.74"
"327","Independence","MO","Garage Door","CPL","78","78","9","121740","604","Jackson","42.7"
"328","Lebanon","TN","Garage Door","CPL","74","74","5","44788","398","Wilson","42.48"
"329","Edwardsville","KS","Garage Door","CPL","78.5","78.5","1","4724","202","Wyandotte","42.18"
"330","Nashville","TN","Garage Door","CPL","77.5","77.5","41","1201962","556","Davidson","42.17"
"331","Shawnee","KS","Garage Door","CPL","77.5","77.5","6","68542","627","Johnson","41.86"
"332","Gadsden","AL","Garage Door","CPL","74","74","4","33374","347","Etowah","41.79"
"333","Southampton","PA","Garage Door","CPL","86","86","1","6084","740","Bucks","41.77"
"334","Osawatomie","KS","Garage Door","CPL","74","74","1","4182","318","Miami","41.75"
"335","Stokesdale","NC","Garage Door","CPL","85.5","85.5","1","6004","121","Guilford","41.74"
"336","Pilot Point","TX","Garage Door","CPL","81.5","81.5","1","5332","236","Denton","41.73"
"337","Argyle","TX","Garage Door","CPL","81.5","81.5","1","5371","166","Denton","41.6"
"338","Mocksville","NC","Garage Door","CPL","85.5","85.5","1","6068","293","Davie","41.57"
"339","Platte City","MO","Garage Door","CPL","78","78","1","4824","467","Platte","41.57"
"340","Grayson","GA","Garage Door","CPL","78","78","1","4858","743","Gwinnett","41.45"
"341","Adamsville","AL","Garage Door","CPL","74","74","1","4266","63","Jefferson","41.42"
"342","Indian Wells","CA","Garage Door","CPL","78","78","1","4871","130","Riverside","41.4"
"343","Justin","TX","Garage Door","CPL","81.5","81.5","1","5447","431","Denton","41.37"
"344","Lindale","GA","Garage Door","CPL","74","74","1","4289","325","Floyd","41.33"
"345","Silver Creek","GA","Garage Door","CPL","74","74","1","4289","325","Floyd","41.33"
"346","Sylacauga","AL","Garage Door","CPL","74","74","2","12309","236","Talladega","41.09"
"347","Edinburgh","IN","Garage Door","CPL","74","74","1","4381","489","Johnson","40.98"
"348","Dawsonville","GA","Garage Door","CPL","74","74","1","4403","167","Dawson","40.9"
"349","Middleburg","VA","Garage Door","CPL","38.5","38.5","2","774","295","Loudoun","40.45"
"350","Hoschton","GA","Garage Door","CPL","74","74","1","4534","243","Jackson","40.42"
"351","Blanchester","OH","Garage Door","CPL","74","74","1","4538","442","Clinton","40.41"
"352","Indianapolis","IN","Garage Door","CPL","74","74","53","1767321","943","Marion","40.26"
"353","Josephine","TX","Garage Door","CPL","81.5","81.5","1","5842","867","Collin","40.23"
"354","Jasper","GA","Garage Door","CPL","74","74","1","4630","197","Pickens","40.09"
"355","Randleman","NC","Garage Door","CPL","74","74","1","4644","432","Randolph","40.04"
"356","Lenexa","KS","Garage Door","CPL","77.5","77.5","5","58384","657","Johnson","40.01"
"357","Childersburg","AL","Garage Door","CPL","74","74","1","4655","147","Talladega","40"
"358","Peculiar","MO","Garage Door","CPL","81.5","81.5","1","5958","248","Cass","39.91"
"359","Douglasville","GA","Garage Door","CPL","74","74","4","37536","611","Douglas","39.87"
"360","Columbiana","AL","Garage Door","CPL","74","74","1","4725","99","Shelby","39.76"
"361","Dallas","TX","Garage Door","CPL","81.5","74.15","99","5968322","1477","Dallas","39.65"
"362","Crandall","TX","Garage Door","CPL","74","74","1","4763","236","Kaufman","39.64"
"363","Lilburn","GA","Garage Door","CPL","78","78","2","15390","855","Gwinnett","39.61"
"364","Palmetto","GA","Garage Door","CPL","74","74","1","4797","153","Fulton","39.52"
"365","Upper Marlboro","MD","Garage Door","CPL","37.5","37.5","2","683","197","Prince George's","39.4"
"366","Lexington","NC","Garage Door","CPL","85.5","85.5","2","19690","396","Davidson","39.34"
"367","Krum","TX","Garage Door","CPL","81.5","81.5","1","6189","759","Denton","39.31"
"368","Bessemer","AL","Garage Door","CPL","74","74","3","25400","244","Jefferson","39.23"
"369","Baldwin City","KS","Garage Door","CPL","74","74","1","4911","637","Douglas","39.15"
"370","Fortville","IN","Garage Door","CPL","74","74","1","4976","544","Hancock","38.95"
"371","North Kansas City","MO","Garage Door","CPL","74","74","1","4983","420","Clay","38.93"
"372","Mount Orab","OH","Garage Door","CPL","74","74","1","4987","190","Brown","38.91"
"373","Adairsville","GA","Garage Door","CPL","74","74","1","4999","205","Bartow","38.88"
"374","Louisburg","KS","Garage Door","CPL","74","74","1","5094","398","Miami","38.58"
"375","Pleasant View","TN","Garage Door","CPL","75","75","1","5276","157","Cheatham","38.56"
"376","Lavon","TX","Garage Door","CPL","81.5","81.5","1","6498","507","Collin","38.55"
"377","Tallassee","AL","Garage Door","CPL","74","74","1","5134","172","Elmore","38.46"
"378","King","NC","Garage Door","CPL","85.5","85.5","1","7408","459","Stokes","38.38"
"379","Whiteland","IN","Garage Door","CPL","74","74","1","5173","308","Johnson","38.35"
"380","Lawrenceburg","IN","Garage Door","CPL","74","74","1","5179","377","Dearborn","38.33"
"381","Cincinnati","OH","Garage Door","CPL","74","74","48","1726642","1534","Hamilton","38.29"
"382","Dallas","GA","Garage Door","CPL","74","74","2","14714","677","Paulding","38.26"
"383","Rockmart","GA","Garage Door","CPL","74","74","1","5204","368","Polk","38.26"
"384","Hiram","GA","Garage Door","CPL","74","74","1","5231","498","Paulding","38.18"
"385","Souderton","PA","Garage Door","CPL","84","84","1","7181","2484","Montgomery","38.18"
"386","Ashland City","TN","Garage Door","CPL","75","75","1","5424","193","Cheatham","38.14"
"387","Linton","IN","Garage Door","CPL","74","74","1","5260","608","Greene","38.09"
"388","Greenwood","MO","Garage Door","CPL","78","78","1","6013","444","Jackson","38.06"
"389","Oak Ridge","NC","Garage Door","CPL","85.5","85.5","1","7744","177","Guilford","37.7"
"390","Duluth","GA","Garage Door","CPL","78","75.33","3","32426","1215","Gwinnett","37.5"
"391","Smiths Station","AL","Garage Door","CPL","74","74","1","5496","257","Lee","37.43"
"392","Cicero","IN","Garage Door","CPL","74","74","1","5509","1290","Hamilton","37.39"
"393","Newnan","GA","Garage Door","CPL","74","74","4","44235","845","Coweta","37.34"
"394","Monroe","GA","Garage Door","CPL","74","74","2","15648","378","Walton","37.33"
"395","Goodlettsville","TN","Garage Door","CPL","77.5","77.5","2","17597","472","Sumner","37.3"
"396","Norcross","GA","Garage Door","CPL","78","78","2","18007","1111","Gwinnett","37.2"
"397","Bellevue","KY","Garage Door","CPL","74","74","1","5636","2387","Campbell","37.05"
"398","Tonganoxie","KS","Garage Door","CPL","75","75","1","5891","541","Leavenworth","36.9"
"399","Temple","GA","Garage Door","CPL","75","75","1","5901","321","Carroll","36.87"
"400","De Soto","KS","Garage Door","CPL","77.5","77.5","1","6414","158","Johnson","36.85"
"401","Walton","KY","Garage Door","CPL","74","74","1","5730","448","Boone","36.81"
"402","Dayton","KY","Garage Door","CPL","74","74","1","5743","1695","Campbell","36.78"
"403","Paola","KS","Garage Door","CPL","74","74","1","5770","420","Miami","36.71"
"404","Attalla","AL","Garage Door","CPL","74","74","1","5775","322","Etowah","36.7"
"405","Leawood","KS","Garage Door","CPL","77.5","77.5","3","33809","865","Johnson","36.64"
"406","Aubrey","TX","Garage Door","CPL","81.5","81.5","1","7396","692","Denton","36.61"
"407","Bloomington","IN","Garage Door","CPL","74","74","7","107655","1309","Monroe","36.6"
"408","Conley","GA","Garage Door","CPL","74","74","1","5822","1080","Clayton","36.58"
"409","Oakwood","GA","Garage Door","CPL","74","74","1","5862","354","Hall","36.48"
"410","Walkertown","NC","Garage Door","CPL","74","74","1","5873","334","Forsyth","36.45"
"411","Alpharetta","GA","Garage Door","CPL","74","74","5","66855","952","Fulton","36.19"
"412","Northport","AL","Garage Door","CPL","74","74","3","31218","664","Tuscaloosa","36.12"
"413","Fairless Hills","PA","Garage Door","CPL","86","86","1","8827","1785","Bucks","35.99"
"414","Addison","TX","Garage Door","CPL","74","74","2","17290","1519","Dallas","35.87"
"415","Eudora","KS","Garage Door","CPL","74","74","1","6119","716","Douglas","35.86"
"416","Lake Dallas","TX","Garage Door","CPL","81.5","81.5","1","7822","1234","Denton","35.8"
"417","Irving","TX","Garage Door","CPL","74","74","12","256492","1470","Dallas","35.74"
"418","Lees Summit","MO","Garage Door","CPL","78","78","6","103656","620","Jackson","35.71"
"419","Perkasie","PA","Garage Door","CPL","86","86","1","9216","1397","Bucks","35.37"
"420","Richardson","TX","Garage Door","CPL","81.5","75.25","6","118731","1599","Dallas","35.34"
"421","Morrow","GA","Garage Door","CPL","74","74","1","6364","721","Clayton","35.3"
"422","Wilmer","TX","Garage Door","CPL","74","74","1","6391","187","Dallas","35.24"
"423","Quakertown","PA","Garage Door","CPL","86","86","1","9319","1764","Bucks","35.22"
"424","Hebron","KY","Garage Door","CPL","74","74","1","6407","399","Boone","35.2"
"425","Calhoun","GA","Garage Door","CPL","74","74","2","18183","407","Gordon","35.15"
"426","Milford","OH","Garage Door","CPL","74","74","1","6497","679","Clermont","35.01"
"427","Avon","IN","Garage Door","CPL","81.5","77.75","2","23437","453","Hendricks","34.98"
"428","Dacula","GA","Garage Door","CPL","78","78","1","7444","528","Gwinnett","34.94"
"429","Gibsonville","NC","Garage Door","CPL","85.5","85.5","1","9467","816","Guilford","34.79"
"430","High Point","NC","Garage Door","CPL","85.5","85.5","7","175377","775","Guilford","34.79"
"431","North Wales","PA","Garage Door","CPL","37.5","37.5","2","3440","2250","Montgomery","34.68"
"432","Richland Hills","TX","Garage Door","CPL","81.5","81.5","1","8493","1044","Tarrant","34.64"
"433","Ellettsville","IN","Garage Door","CPL","74","74","1","6698","492","Monroe","34.58"
"434","Morrisville","PA","Garage Door","CPL","86","86","1","9752","2153","Bucks","34.58"
"435","Snellville","GA","Garage Door","CPL","78","78","2","21620","780","Gwinnett","34.58"
"436","South Lebanon","OH","Garage Door","CPL","74","74","1","6712","735","Warren","34.55"
"437","Thomasville","NC","Garage Door","CPL","85.5","85.5","2","27321","624","Davidson","34.51"
"438","Falls Church","VA","Garage Door","CPL","38.5","38.5","5","14710","2753","Falls Church","34.5"
"439","Bonner Springs","KS","Garage Door","CPL","78.5","78.5","1","7839","191","Wyandotte","34.45"
"440","Forest Park","GA","Garage Door","CPL","74","74","2","19504","822","Clayton","34.18"
"441","Winston-Salem","NC","Garage Door","CPL","74","74","16","443598","725","Forsyth","34.11"
"442","Pleasant Hill","MO","Garage Door","CPL","81.5","81.5","1","8847","426","Cass","34.08"
"443","Acworth","GA","Garage Door","CPL","78","76","2","22473","944","Cobb","34.04"
"444","Fayetteville","GA","Garage Door","CPL","74","74","2","19719","577","Fayette","34.03"
"445","Greenbrier","TN","Garage Door","CPL","74","74","1","6971","370","Robertson","34.03"
"446","Trinity","NC","Garage Door","CPL","74","74","1","7111","162","Randolph","33.76"
"447","Berwyn","PA","Garage Door","CPL","37.5","37","2","3680","802","Chester","33.75"
"448","Collinsville","VA","Garage Door","CPL","74","74","1","7139","376","Henry","33.71"
"449","Terrell","TX","Garage Door","CPL","74","74","2","20366","221","Kaufman","33.6"
"450","Basehor","KS","Garage Door","CPL","75","75","1","7491","391","Leavenworth","33.52"
"451","Parkville","MO","Garage Door","CPL","78","78","1","8366","207","Platte","33.35"
"452","Liberty Hill","TX","Garage Door","CPL","78","78","1","8371","559","Williamson","33.34"
"453","Rome","GA","Garage Door","CPL","74","74","3","38189","458","Floyd","33.32"
"454","Clarkdale","GA","Garage Door","CPL","78","78","1","8447","506","Cobb","33.22"
"455","Dripping Springs","TX","Garage Door","CPL","74","74","1","7405","277","Hays","33.22"
"456","Mount Airy","NC","Garage Door","CPL","85.5","85.5","1","10633","350","Surry","33.21"
"457","Phenix City","AL","Garage Door","CPL","74","74","3","38499","529","Russell","33.21"
"458","Kennedale","TX","Garage Door","CPL","81.5","81.5","1","9439","523","Tarrant","33.2"
"459","Bedford","TX","Garage Door","CPL","81.5","81.5","3","49085","1894","Tarrant","33.19"
"460","Vestavia Hills","AL","Garage Door","CPL","74","74","3","38616","746","Jefferson","33.17"
"461","Oak Grove","MO","Garage Door","CPL","78","78","1","8538","511","Jackson","33.08"
"462","Hutchins","TX","Garage Door","CPL","74","74","1","7496","242","Dallas","33.06"
"463","Tuscaloosa","AL","Garage Door","CPL","74","74","8","170416","665","Tuscaloosa","33"
"464","Montevallo","AL","Garage Door","CPL","74","74","1","7556","223","Shelby","32.95"
"465","Sanger","TX","Garage Door","CPL","81.5","81.5","1","9641","305","Denton","32.92"
"466","Prattville","AL","Garage Door","CPL","74","74","3","39482","420","Autauga","32.88"
"467","Duncanville","TX","Garage Door","CPL","74","74","3","39683","1375","Dallas","32.81"
"468","Union","KY","Garage Door","CPL","74","74","1","7642","752","Boone","32.81"
"469","Summerfield","NC","Garage Door","CPL","85.5","85.5","1","11116","161","Guilford","32.63"
"470","Mountain Brook","AL","Garage Door","CPL","74","74","2","22029","666","Jefferson","32.56"
"471","Franklin","TN","Garage Door","CPL","74","74","5","87133","742","Williamson","32.55"
"472","Columbus","IN","Garage Door","CPL","81.5","81.5","3","51824","688","Bartholomew","32.48"
"473","Harrisonville","MO","Garage Door","CPL","81.5","81.5","1","9970","345","Cass","32.48"
"474","Pinson","AL","Garage Door","CPL","74","74","1","7832","254","Jefferson","32.48"
"475","Tyrone","GA","Garage Door","CPL","74","74","1","7896","241","Fayette","32.38"
"476","Fair Oaks","GA","Garage Door","CPL","78","78","1","9014","2056","Cobb","32.37"
"477","Covington","KY","Garage Door","CPL","74","74","3","41110","1200","Kenton","32.35"
"478","Roanoke","TX","Garage Door","CPL","81.5","81.5","1","10286","558","Denton","32.08"
"479","Spring Hill","KS","Garage Door","CPL","77.5","77.5","1","9120","337","Johnson","32.01"
"480","Sunnyvale","TX","Garage Door","CPL","74","74","1","8336","188","Dallas","31.68"
"481","Plano","TX","Garage Door","CPL","81.5","81.5","9","290594","1547","Collin","31.51"
"482","Cartersville","GA","Garage Door","CPL","74","74","2","24074","318","Bartow","31.42"
"483","Kaufman","TX","Garage Door","CPL","74","74","1","8538","317","Kaufman","31.38"
"484","Elon","NC","Garage Door","CPL","81.5","81.5","1","11032","1023","Alamance","31.2"
"485","Hampton","GA","Garage Door","CPL","74","74","1","8687","299","Henry","31.17"
"486","Auburn","GA","Garage Door","CPL","74","74","1","8711","469","Barrow","31.13"
"487","Ft Mitchell","KY","Garage Door","CPL","74","74","1","8713","1082","Kenton","31.13"
"488","Lawrence","KS","Garage Door","CPL","74","74","5","97387","1065","Douglas","31.13"
"489","Solana Beach","CA","Garage Door","CPL","86","86","1","12823","1452","San Diego","31"
"490","Tuskegee","AL","Garage Door","CPL","74","74","1","8938","205","Macon","30.81"
"491","Tuskegee Institute","AL","Garage Door","CPL","74","74","1","8938","205","Macon","30.81"
"492","Littleton","CO","Garage Door","CPL","35","32.6","10","44710","1380","Arapahoe","30.47"
"493","Danville","IN","Garage Door","CPL","81.5","81.5","1","11714","424","Hendricks","30.46"
"494","Georgetown","TX","Garage Door","CPL","78","78","4","85999","523","Williamson","30.17"
"495","Pleasant Grove","AL","Garage Door","CPL","74","74","1","9442","374","Jefferson","30.14"
"496","West Chester","OH","Garage Door","CPL","74","74","1","9496","760","Butler","30.08"
"497","Smyrna","GA","Garage Door","CPL","78","78","3","56633","1344","Cobb","30"
"498","Atlanta","GA","Garage Door","CPL","74","74","67","5298788","1425","Fulton","29.87"
"499","Fairfield","AL","Garage Door","CPL","74","74","1","9728","1098","Jefferson","29.79"
"500","Forestdale","AL","Garage Door","CPL","74","74","1","9742","524","Jefferson","29.77"
"501","Asheboro","NC","Garage Door","CPL","74","74","2","27580","541","Randolph","29.76"
"502","Mooresville","IN","Garage Door","CPL","74","74","1","9751","553","Morgan","29.76"
"503","Union City","GA","Garage Door","CPL","74","74","2","27728","536","Fulton","29.69"
"504","Homewood","AL","Garage Door","CPL","74","74","2","27829","1294","Jefferson","29.65"
"505","Kernersville","NC","Garage Door","CPL","74","74","2","27830","554","Forsyth","29.65"
"506","Greencastle","IN","Garage Door","CPL","74","74","1","9864","731","Putnam","29.62"
"507","Leander","TX","Garage Door","CPL","85.5","80.5","3","74067","675","Williamson","29.54"
"508","Fairview","TN","Garage Door","CPL","74","74","1","10009","209","Williamson","29.45"
"509","Round Rock","TX","Garage Door","CPL","78","78","5","127786","1258","Williamson","29.44"
"510","Blue Springs","MO","Garage Door","CPL","78","78","3","59965","1007","Jackson","29.32"
"511","Hyattsville","MD","Garage Door","CPL","37.5","37.5","5","20966","2977","Prince George's","29.16"
"512","Rainbow City","AL","Garage Door","CPL","74","74","1","10284","154","Etowah","29.13"
"513","Mccordsville","IN","Garage Door","CPL","74","74","1","10329","447","Hancock","29.08"
"514","Murfreesboro","TN","Garage Door","CPL","74","74","7","194551","943","Rutherford","28.89"
"515","Vienna","VA","Garage Door","CPL","38.5","38.5","4","16412","1435","Fairfax","28.88"
"516","Scottdale","GA","Garage Door","CPL","74","74","1","10542","1207","DeKalb","28.84"
"517","Alexandria","KY","Garage Door","CPL","74","74","1","10562","582","Campbell","28.82"
"518","Cecil","AL","Garage Door","CPL","74","74","1","10574","115","Montgomery","28.81"
"519","Pike Road","AL","Garage Door","CPL","74","74","1","10574","115","Montgomery","28.81"
"520","Saks","AL","Garage Door","CPL","74","74","1","10681","340","Calhoun","28.69"
"521","North Richland Hills","TX","Garage Door","CPL","81.5","81.5","3","70780","1495","Tarrant","28.67"
"522","Kennesaw","GA","Garage Door","CPL","78","78","2","34605","1330","Cobb","28.65"
"523","Bargersville","IN","Garage Door","CPL","74","74","1","10752","210","Johnson","28.62"
"524","Grand Prairie","TX","Garage Door","CPL","81.5","75.25","6","201883","1059","Dallas","28.58"
"525","Lansing","KS","Garage Door","CPL","75","75","1","11246","353","Leavenworth","28.49"
"526","Garland","TX","Garage Door","CPL","74","74","8","246844","1666","Dallas","28.45"
"527","Chamblee","GA","Garage Door","CPL","74","74","2","30895","1524","DeKalb","28.44"
"528","Golf","IL","Garage Door","CPL","41","41","1","518","472","Cook","28.42"
"529","Mcdonough","GA","Garage Door","CPL","74","74","2","30947","867","Henry","28.42"
"530","Kenilworth","IL","Garage Door","CPL","41","41","1","2503","1616","Cook","28.41"
"531","Hurst","TX","Garage Door","CPL","81.5","81.5","2","39861","1547","Tarrant","28.29"
"532","Azle","TX","Garage Door","CPL","81.5","81.5","1","14126","602","Tarrant","28.26"
"533","Doraville","GA","Garage Door","CPL","74","74","1","11134","829","DeKalb","28.22"
"534","Fairfax","VA","Garage Door","CPL","38.5","38.5","5","25026","1514","Fairfax","27.89"
"535","Lovejoy","GA","Garage Door","CPL","74","74","1","11508","1457","Clayton","27.85"
"536","Denton","TX","Garage Door","CPL","81.5","81.5","10","464461","585","Denton","27.82"
"537","Hartsville","TN","Garage Door","CPL","75","75","1","11957","40","Trousdale","27.8"
"538","Franklin","OH","Garage Door","CPL","74","74","1","11712","478","Warren","27.66"
"539","Flower Mound","TX","Garage Door","CPL","81.5","81.5","3","78389","717","Denton","27.53"
"540","Wells Branch","TX","Garage Door","CPL","78","78","1","13523","2249","Travis","27.52"
"541","Martinsville","IN","Garage Door","CPL","74","74","1","11933","502","Morgan","27.45"
"542","Alabaster","AL","Garage Door","CPL","74","74","2","33917","495","Shelby","27.4"
"543","Leeds","AL","Garage Door","CPL","74","74","1","12028","207","Jefferson","27.36"
"544","Hamilton","OH","Garage Door","CPL","74","74","3","63468","1135","Butler","27.19"
"545","Blue Bell","PA","Garage Door","CPL","37.5","37.5","2","6424","462","Montgomery","27.01"
"546","Whitestown","IN","Garage Door","CPL","74","74","1","12466","275","Boone","26.97"
"547","Rowlett","TX","Garage Door","CPL","74","74","3","65463","1194","Dallas","26.86"
"548","Canton","GA","Garage Door","CPL","74","74","2","35741","718","Cherokee","26.83"
"549","Ottawa","KS","Garage Door","CPL","74","74","1","12678","473","Franklin","26.79"
"550","Keller","TX","Garage Door","CPL","81.5","81.5","2","45976","959","Tarrant","26.72"
"551","Adamstown","MD","Garage Door","CPL","38.5","38.5","1","2025","864","Frederick","26.69"
"552","Aldie","VA","Garage Door","CPL","38.5","38.5","1","163","54","Loudoun","26.69"
"553","Allentown","NJ","Garage Door","CPL","38.5","38.5","1","1702","1247","Monmouth","26.69"
"554","Barnesville","MD","Garage Door","CPL","38.5","38.5","1","208","164","Montgomery","26.69"
"555","Bluemont","VA","Garage Door","CPL","38.5","38.5","1","592","147","Clarke","26.69"
"556","Bordentown","NJ","Garage Door","CPL","38.5","38.5","1","649","864","Burlington","26.69"
"557","Brookeville","MD","Garage Door","CPL","38.5","38.5","1","161","657","Montgomery","26.69"
"558","Buckeystown","MD","Garage Door","CPL","38.5","38.5","1","1192","557","Frederick","26.69"
"559","Burkittsville","MD","Garage Door","CPL","38.5","38.5","1","135","122","Frederick","26.69"
"560","Cabin John","MD","Garage Door","CPL","38.5","38.5","1","2179","663","Montgomery","26.69"
"561","Chesterfield","NJ","Garage Door","CPL","38.5","38.5","1","900","209","Burlington","26.69"
"562","Clarksboro","NJ","Garage Door","CPL","38.5","38.5","1","1155","755","Gloucester","26.69"
"563","Clifton","VA","Garage Door","CPL","38.5","38.5","1","312","409","Fairfax","26.69"
"564","Columbus","NJ","Garage Door","CPL","38.5","38.5","1","313","67","Burlington","26.69"
"565","Crownsville","MD","Garage Door","CPL","38.5","38.5","1","1756","129","Anne Arundel","26.69"
"566","Derwood","MD","Garage Door","CPL","38.5","38.5","1","1984","1128","Montgomery","26.69"
"567","Galesville","MD","Garage Door","CPL","38.5","38.5","1","1062","353","Anne Arundel","26.69"
"568","Garrett Park","MD","Garage Door","CPL","38.5","38.5","1","932","1926","Montgomery","26.69"
"569","Gibbsboro","NJ","Garage Door","CPL","38.5","38.5","1","2435","419","Camden","26.69"
"570","Glen Echo","MD","Garage Door","CPL","38.5","38.5","1","276","1659","Montgomery","26.69"
"571","Hamilton","VA","Garage Door","CPL","38.5","38.5","1","589","1042","Loudoun","26.69"
"572","Haymarket","VA","Garage Door","CPL","38.5","38.5","1","1580","1070","Prince William","26.69"
"573","Highland","MD","Garage Door","CPL","38.5","38.5","1","972","126","Howard","26.69"
"574","Hopewell","NJ","Garage Door","CPL","38.5","38.5","1","1823","975","Mercer","26.69"
"575","Jobstown","NJ","Garage Door","CPL","38.5","38.5","1","286","30","Burlington","26.69"
"576","Juliustown","NJ","Garage Door","CPL","38.5","38.5","1","313","67","Burlington","26.69"
"577","Kensington","MD","Garage Door","CPL","38.5","38.5","1","2369","1727","Montgomery","26.69"
"578","Libertytown","MD","Garage Door","CPL","38.5","38.5","1","1346","219","Frederick","26.69"
"579","Lisbon","MD","Garage Door","CPL","38.5","38.5","1","126","37","Howard","26.69"
"580","Mickleton","NJ","Garage Door","CPL","38.5","38.5","1","1786","328","Gloucester","26.69"
"581","Mount Royal","NJ","Garage Door","CPL","38.5","38.5","1","1155","755","Gloucester","26.69"
"582","Myersville","MD","Garage Door","CPL","38.5","38.5","1","2358","820","Frederick","26.69"
"583","New Market","MD","Garage Door","CPL","38.5","38.5","1","1603","346","Frederick","26.69"
"584","New Windsor","MD","Garage Door","CPL","38.5","38.5","1","1400","700","Carroll","26.69"
"585","Nokesville","VA","Garage Door","CPL","38.5","38.5","1","1226","48","Prince William","26.69"
"586","Occoquan","VA","Garage Door","CPL","38.5","38.5","1","910","2885","Prince William","26.69"
"587","Point Of Rocks","MD","Garage Door","CPL","38.5","38.5","1","2462","804","Frederick","26.69"
"588","Princeton Junction","NJ","Garage Door","CPL","38.5","38.5","1","2025","390","Mercer","26.69"
"589","Rectortown","VA","Garage Door","CPL","38.5","38.5","1","45","27","Fauquier","26.69"
"590","Round Hill","VA","Garage Door","CPL","38.5","38.5","1","678","588","Loudoun","26.69"
"591","Spencerville","MD","Garage Door","CPL","38.5","38.5","1","1028","354","Montgomery","26.69"
"592","Thorofare","NJ","Garage Door","CPL","38.5","38.5","1","2348","279","Gloucester","26.69"
"593","Union Bridge","MD","Garage Door","CPL","38.5","38.5","1","1055","320","Carroll","26.69"
"594","Upperville","VA","Garage Door","CPL","38.5","38.5","1","61","41","Fauquier","26.69"
"595","Vincentown","NJ","Garage Door","CPL","38.5","38.5","1","531","349","Burlington","26.69"
"596","Washington Grove","MD","Garage Door","CPL","38.5","38.5","1","577","985","Montgomery","26.69"
"597","Waterford","VA","Garage Door","CPL","38.5","38.5","1","220","389","Loudoun","26.69"
"598","Wenonah","NJ","Garage Door","CPL","38.5","38.5","1","2261","872","Gloucester","26.69"
"599","West Berlin","NJ","Garage Door","CPL","38.5","38.5","1","2285","836","Camden","26.69"
"600","Windsor","NJ","Garage Door","CPL","38.5","38.5","1","325","128","Mercer","26.69"
"601","Woodbine","MD","Garage Door","CPL","38.5","38.5","1","126","37","Howard","26.69"
"602","Amelia","OH","Garage Door","CPL","74","74","1","12871","871","Clermont","26.63"
"603","Beverly","NJ","Garage Door","CPL","38.5","38.5","1","2514","1776","Burlington","26.63"
"604","Lewisville","TX","Garage Door","CPL","81.5","81.5","4","131080","1219","Denton","26.63"
"605","Manor","TX","Garage Door","CPL","85.5","85.5","1","18603","666","Travis","26.55"
"606","Coronado","CA","Garage Door","CPL","86","86","1","19015","918","San Diego","26.48"
"607","Harrison","OH","Garage Door","CPL","74","74","1","13084","973","Hamilton","26.46"
"608","Jarrettsville","MD","Garage Door","CPL","38.5","38.5","1","2560","118","Harford","26.43"
"609","Carrollton","TX","Garage Door","CPL","81.5","77.75","4","133740","1398","Dallas","26.42"
"610","Peachtree Corners","GA","Garage Door","CPL","78","78","2","42373","1011","Gwinnett","26.42"
"611","Tucker","GA","Garage Door","CPL","74","74","2","37123","707","DeKalb","26.42"
"612","Loveland","OH","Garage Door","CPL","74","74","1","13197","967","Hamilton","26.37"
"613","Woodstock","GA","Garage Door","CPL","74","74","2","37381","1079","Cherokee","26.35"
"614","McCalla","AL","Garage Door","CPL","74","74","1","13253","159","Jefferson","26.32"
"615","Mesquite","TX","Garage Door","CPL","74","74","5","149299","1170","Dallas","26.24"
"616","Moody","AL","Garage Door","CPL","74","74","1","13488","211","St. Clair","26.14"
"617","East Point","GA","Garage Door","CPL","74","74","2","38335","1002","Fulton","26.09"
"618","Trenton","OH","Garage Door","CPL","74","74","1","13583","1040","Butler","26.06"
"619","Bryn Athyn","PA","Garage Door","CPL","37.5","37.5","1","1143","237","Montgomery","25.99"
"620","Devon","PA","Garage Door","CPL","37.5","37.5","1","1806","1022","Chester","25.99"
"621","Huntingdon Valley","PA","Garage Door","CPL","37.5","37.5","1","1143","237","Montgomery","25.99"
"622","Mont Clare","PA","Garage Door","CPL","37.5","37.5","1","2313","694","Montgomery","25.99"
"623","Newtown","PA","Garage Door","CPL","37.5","37.5","1","2224","1558","Bucks","25.99"
"624","Oaks","PA","Garage Door","CPL","37.5","37.5","1","943","278","Montgomery","25.99"
"625","Schwenksville","PA","Garage Door","CPL","37.5","37.5","1","1385","1334","Montgomery","25.99"
"626","Silverdale","PA","Garage Door","CPL","37.5","37.5","1","1288","997","Bucks","25.99"
"627","Spinnerstown","PA","Garage Door","CPL","37.5","37.5","1","1780","388","Bucks","25.99"
"628","Spring Mount","PA","Garage Door","CPL","37.5","37.5","1","2288","1238","Montgomery","25.99"
"629","Woxall","PA","Garage Door","CPL","37.5","37.5","1","1347","210","Montgomery","25.99"
"630","Tacoma","WA","Garage Door","CPL","38.5","38.5","19","222758","1712","Pierce","25.92"
"631","Lewisville","NC","Garage Door","CPL","74","74","1","13828","363","Forsyth","25.88"
"632","Bedford","IN","Garage Door","CPL","74","74","1","13837","437","Lawrence","25.87"
"633","Lovettsville","VA","Garage Door","CPL","38.5","38.5","1","2719","1167","Loudoun","25.8"
"634","Peachtree City","GA","Garage Door","CPL","74","74","2","39576","599","Fayette","25.76"
"635","Swedesboro","NJ","Garage Door","CPL","38.5","38.5","1","2733","1436","Gloucester","25.75"
"636","Exton","PA","Garage Door","CPL","36.5","36.5","2","6772","765","Chester","25.74"
"637","Wayne","IL","Garage Door","CPL","37.5","37.5","1","2562","154","DuPage","25.74"
"638","Sharonville","OH","Garage Door","CPL","74","74","1","14030","551","Hamilton","25.73"
"639","Noblesville","IN","Garage Door","CPL","74","74","3","73362","788","Hamilton","25.66"
"640","Richmond","TX","Garage Door","CPL","36.5","34","3","12582","1087","Fort Bend","25.63"
"641","Graham","NC","Garage Door","CPL","81.5","81.5","1","18048","613","Alamance","25.62"
"642","Pipersville","PA","Garage Door","CPL","37.5","37.5","1","2592","477","Bucks","25.62"
"643","Riverton","NJ","Garage Door","CPL","38.5","38.5","1","2770","1617","Burlington","25.61"
"644","Grapevine","TX","Garage Door","CPL","81.5","81.5","2","51139","611","Tarrant","25.6"
"645","La Vergne","TN","Garage Door","CPL","74","74","2","40243","608","Rutherford","25.58"
"646","Grain Valley","MO","Garage Door","CPL","78","78","1","16271","1000","Jackson","25.56"
"647","Elko New Market","MN","Garage Door","CPL","32","32","2","5002","503","Scott","25.47"
"648","Lancaster","TX","Garage Door","CPL","74","74","2","40820","476","Dallas","25.44"
"649","Pennington","NJ","Garage Door","CPL","38.5","38.5","1","2827","1124","Mercer","25.41"
"650","Saint Paul","MN","Garage Door","CPL","32","32","31","307284","2286","Ramsey","25.41"
"651","Gambrills","MD","Garage Door","CPL","38.5","38.5","1","2830","146","Anne Arundel","25.39"
"652","Clarkston","GA","Garage Door","CPL","74","74","1","14557","3047","DeKalb","25.35"
"653","Alexander City","AL","Garage Door","CPL","74","74","1","14606","123","Tallapoosa","25.32"
"654","Altamont","NY","Garage Door","CPL","36.5","36.5","1","1855","539","Albany","25.3"
"655","Athens","NY","Garage Door","CPL","36.5","36.5","1","1354","315","Greene","25.3"
"656","Averill Park","NY","Garage Door","CPL","36.5","36.5","1","1615","153","Rensselaer","25.3"
"657","Avondale","PA","Garage Door","CPL","36.5","36.5","1","1084","1027","Chester","25.3"
"658","Bloomville","NY","Garage Door","CPL","36.5","36.5","1","289","75","Delaware","25.3"
"659","Bolton Landing","NY","Garage Door","CPL","36.5","36.5","1","216","66","Warren","25.3"
"660","Canajoharie","NY","Garage Door","CPL","36.5","36.5","1","87","185","Montgomery","25.3"
"661","Caroga Lake","NY","Garage Door","CPL","36.5","36.5","1","448","77","Fulton","25.3"
"662","Castleton On Hudson","NY","Garage Door","CPL","36.5","36.5","1","1591","825","Rensselaer","25.3"
"663","Central Bridge","NY","Garage Door","CPL","36.5","36.5","1","456","66","Schoharie","25.3"
"664","Chadds Ford","PA","Garage Door","CPL","36.5","36.5","1","1341","241","Chester","25.3"
"665","Chester Springs","PA","Garage Door","CPL","36.5","36.5","1","413","332","Chester","25.3"
"666","Chestertown","NY","Garage Door","CPL","36.5","36.5","1","499","53","Warren","25.3"
"667","Cheyney","PA","Garage Door","CPL","36.5","36.5","1","308","81","Chester","25.3"
"668","Cochranville","PA","Garage Door","CPL","36.5","36.5","1","590","148","Chester","25.3"
"669","Cooperstown","NY","Garage Door","CPL","36.5","36.5","1","2220","499","Otsego","25.3"
"670","Davenport Center","NY","Garage Door","CPL","36.5","36.5","1","414","61","Delaware","25.3"
"671","Delanson","NY","Garage Door","CPL","36.5","36.5","1","263","227","Schenectady","25.3"
"672","Duanesburg","NY","Garage Door","CPL","36.5","36.5","1","236","45","Schenectady","25.3"
"673","East Meredith","NY","Garage Door","CPL","36.5","36.5","1","414","61","Delaware","25.3"
"674","East Nassau","NY","Garage Door","CPL","36.5","36.5","1","613","39","Rensselaer","25.3"
"675","East Worcester","NY","Garage Door","CPL","36.5","36.5","1","270","41","Otsego","25.3"
"676","Fly Creek","NY","Garage Door","CPL","36.5","36.5","1","114","48","Otsego","25.3"
"677","Fonda","NY","Garage Door","CPL","36.5","36.5","1","596","402","Montgomery","25.3"
"678","Fort Johnson","NY","Garage Door","CPL","36.5","36.5","1","364","207","Montgomery","25.3"
"679","Fort Plain","NY","Garage Door","CPL","36.5","36.5","1","2290","653","Montgomery","25.3"
"680","Franklin","NY","Garage Door","CPL","36.5","36.5","1","424","196","Delaware","25.3"
"681","Fultonville","NY","Garage Door","CPL","36.5","36.5","1","678","563","Montgomery","25.3"
"682","Glenmoore","PA","Garage Door","CPL","36.5","36.5","1","910","260","Chester","25.3"
"683","Hagaman","NY","Garage Door","CPL","36.5","36.5","1","1044","292","Montgomery","25.3"
"684","Hartwick","NY","Garage Door","CPL","36.5","36.5","1","83","11","Otsego","25.3"
"685","Hobart","NY","Garage Door","CPL","36.5","36.5","1","409","318","Delaware","25.3"
"686","Howes Cave","NY","Garage Door","CPL","36.5","36.5","1","456","66","Schoharie","25.3"
"687","Jefferson","NY","Garage Door","CPL","36.5","36.5","1","177","54","Schoharie","25.3"
"688","Kimberton","PA","Garage Door","CPL","36.5","36.5","1","377","305","Chester","25.3"
"689","Leeds","NY","Garage Door","CPL","36.5","36.5","1","242","83","Greene","25.3"
"690","Lincoln University","PA","Garage Door","CPL","36.5","36.5","1","2017","1655","Chester","25.3"
"691","Maryland","NY","Garage Door","CPL","36.5","36.5","1","101","73","Otsego","25.3"
"692","Milford","NY","Garage Door","CPL","36.5","36.5","1","338","63","Otsego","25.3"
"693","Modena","PA","Garage Door","CPL","36.5","36.5","1","442","551","Chester","25.3"
"694","Mount Vision","NY","Garage Door","CPL","36.5","36.5","1","131","34","Otsego","25.3"
"695","Nassau","NY","Garage Door","CPL","36.5","36.5","1","830","213","Rensselaer","25.3"
"696","New Baltimore","NY","Garage Door","CPL","36.5","36.5","1","298","46","Greene","25.3"
"697","Niverville","NY","Garage Door","CPL","36.5","36.5","1","1181","168","Columbia","25.3"
"698","North Blenheim","NY","Garage Door","CPL","36.5","36.5","1","79","78","Schoharie","25.3"
"699","North Creek","NY","Garage Door","CPL","36.5","36.5","1","414","100","Warren","25.3"
"700","Northville","NY","Garage Door","CPL","36.5","36.5","1","1912","92","Suffolk","25.3"
"701","Otego","NY","Garage Door","CPL","36.5","36.5","1","160","117","Otsego","25.3"
"702","Palatine Bridge","NY","Garage Door","CPL","36.5","36.5","1","727","286","Montgomery","25.3"
"703","Pattersonville","NY","Garage Door","CPL","36.5","36.5","1","1085","69","Schenectady","25.3"
"704","Pomeroy","PA","Garage Door","CPL","36.5","36.5","1","856","750","Chester","25.3"
"705","Pottersville","NY","Garage Door","CPL","36.5","36.5","1","140","25","Warren","25.3"
"706","Preston Hollow","NY","Garage Door","CPL","36.5","36.5","1","400","16","Albany","25.3"
"707","Round Lake","NY","Garage Door","CPL","36.5","36.5","1","915","329","Saratoga","25.3"
"708","Sadsburyville","PA","Garage Door","CPL","36.5","36.5","1","967","869","Chester","25.3"
"709","Schenevus","NY","Garage Door","CPL","36.5","36.5","1","390","190","Otsego","25.3"
"710","Schuylerville","NY","Garage Door","CPL","36.5","36.5","1","1571","1236","Saratoga","25.3"
"711","Sharon Springs","NY","Garage Door","CPL","36.5","36.5","1","634","134","Schoharie","25.3"
"712","Springfield Center","NY","Garage Door","CPL","36.5","36.5","1","244","24","Otsego","25.3"
"713","Toughkenamon","PA","Garage Door","CPL","36.5","36.5","1","804","136","Chester","25.3"
"714","Tribes Hill","NY","Garage Door","CPL","36.5","36.5","1","959","170","Montgomery","25.3"
"715","Unionville","PA","Garage Door","CPL","36.5","36.5","1","652","345","Chester","25.3"
"716","Valatie","NY","Garage Door","CPL","36.5","36.5","1","1796","486","Columbia","25.3"
"717","Valley Falls","NY","Garage Door","CPL","36.5","36.5","1","451","358","Rensselaer","25.3"
"718","Wallingford","PA","Garage Door","CPL","36.5","36.5","1","1225","628","Delaware","25.3"
"719","West Coxsackie","NY","Garage Door","CPL","36.5","36.5","1","298","46","Greene","25.3"
"720","Westford","NY","Garage Door","CPL","36.5","36.5","1","101","19","Otsego","25.3"
"721","White House","TN","Garage Door","CPL","74","74","1","14631","454","Robertson","25.3"
"722","Worcester","NY","Garage Door","CPL","36.5","36.5","1","101","19","Otsego","25.3"
"723","Yacolt","WA","Garage Door","CPL","36.5","36.5","1","1684","1094","Clark","25.3"
"724","Talladega","AL","Garage Door","CPL","74","74","1","14760","223","Talladega","25.21"
"725","Brush Prairie","WA","Garage Door","CPL","36.5","36.5","1","2526","129","Clark","25.2"
"726","Braddock Heights","MD","Garage Door","CPL","38.5","38.5","1","2892","189","Frederick","25.18"
"727","Mount Juliet","TN","Garage Door","CPL","74","74","2","42073","602","Wilson","25.13"
"728","Beech Grove","IN","Garage Door","CPL","74","74","1","14913","1303","Marion","25.11"
"729","Coppell","TX","Garage Door","CPL","74","74","2","42154","1125","Dallas","25.11"
"730","Danville","VA","Garage Door","CPL","74","74","2","42214","381","Danville","25.1"
"731","Cherry Hill","NJ","Garage Door","CPL","38.5","38.5","3","15173","1570","Camden","25.08"
"732","Magnolia","TX","Garage Door","CPL","29","29","2","4068","257","Montgomery","25.08"
"733","Medina","WA","Garage Door","CPL","38.5","38.5","1","2928","777","King","25.05"
"734","Taylor","TX","Garage Door","CPL","78","78","1","17136","286","Williamson","25.03"
"735","Nolensville","TN","Garage Door","CPL","74","74","1","15074","538","Williamson","25"
"736","Wynnewood","PA","Garage Door","CPL","37.5","37.5","1","2766","1886","Montgomery","24.96"
"737","Braselton","GA","Garage Door","CPL","74","74","1","15178","411","Jackson","24.93"
"738","Sewell","NJ","Garage Door","CPL","38.5","38.5","1","2982","594","Gloucester","24.87"
"739","Alexandria","VA","Garage Door","CPL","38.5","38.5","14","156976","4053","Alexandria","24.82"
"740","Crowley","TX","Garage Door","CPL","81.5","81.5","1","19532","974","Tarrant","24.82"
"741","Mebane","NC","Garage Door","CPL","81.5","81.5","1","19538","597","Alamance","24.82"
"742","Monroe","OH","Garage Door","CPL","74","74","1","15401","368","Butler","24.79"
"743","Rancho Mirage","CA","Garage Door","CPL","78","78","1","17563","265","Riverside","24.79"
"744","Loganville","GA","Garage Door","CPL","74","74","1","15527","776","Walton","24.71"
"745","National Park","NJ","Garage Door","CPL","38.5","38.5","1","3044","1165","Gloucester","24.67"
"746","Laguna Beach","CA","Garage Door","CPL","86","86","1","22710","989","Orange","24.66"
"747","Powder Springs","GA","Garage Door","CPL","78","78","1","18009","845","Cobb","24.54"
"748","Melissa","TX","Garage Door","CPL","81.5","81.5","1","20136","590","Collin","24.52"
"749","Buda","TX","Garage Door","CPL","74","74","1","15859","622","Hays","24.5"
"750","Woodbury Heights","NJ","Garage Door","CPL","38.5","38.5","1","3117","965","Gloucester","24.43"
"751","Brentwood","TN","Garage Door","CPL","74","74","2","45556","415","Williamson","24.35"
"752","Palm Desert","CA","Garage Door","CPL","78","78","2","51990","743","Riverside","24.34"
"753","Olathe","KS","Garage Door","CPL","77.5","77.5","4","145057","862","Johnson","24.32"
"754","Calhan","CO","Garage Door","CPL","35","35","1","620","217","El Paso","24.26"
"755","Cascade","CO","Garage Door","CPL","35","35","1","1412","34","El Paso","24.26"
"756","Elbert","CO","Garage Door","CPL","35","35","1","164","106","Elbert","24.26"
"757","Franktown","CO","Garage Door","CPL","35","35","1","472","53","Douglas","24.26"
"758","Green Mountain Falls","CO","Garage Door","CPL","35","35","1","459","239","El Paso","24.26"
"759","Larkspur","CO","Garage Door","CPL","35","35","1","131","42","Douglas","24.26"
"760","Louviers","CO","Garage Door","CPL","35","35","1","294","67","Douglas","24.26"
"761","Peyton","CO","Garage Door","CPL","35","35","1","139","20","El Paso","24.26"
"762","Pflugerville","TX","Garage Door","CPL","85.5","85.5","2","65971","968","Travis","24.26"
"763","Sedalia","CO","Garage Door","CPL","35","35","1","37","14","Douglas","24.26"
"764","Chelsea","AL","Garage Door","CPL","74","74","1","16260","186","Shelby","24.25"
"765","Ladera Ranch","CA","Garage Door","CPL","86","86","1","23793","1843","Orange","24.21"
"766","Richwood","NJ","Garage Door","CPL","38.5","38.5","1","3197","151","Gloucester","24.19"
"767","West Grove","PA","Garage Door","CPL","36.5","36.5","1","2798","1656","Chester","24.19"
"768","Lawnside","NJ","Garage Door","CPL","38.5","38.5","1","3200","843","Camden","24.18"
"769","Winston Salem","NC","Garage Door","CPL","74","74","9","443598","725","Forsyth","24.15"
"770","Voorheesville","NY","Garage Door","CPL","36.5","36.5","1","2824","511","Albany","24.1"
"771","Euless","TX","Garage Door","CPL","81.5","81.5","2","60421","1447","Tarrant","23.95"
"772","Fairburn","GA","Garage Door","CPL","74","74","1","16831","380","Fulton","23.92"
"773","Lithia Springs","GA","Garage Door","CPL","74","74","1","16875","462","Douglas","23.9"
"774","Jefferson","MD","Garage Door","CPL","38.5","38.5","1","3314","401","Frederick","23.84"
"775","Palmer Lake","CO","Garage Door","CPL","35","35","1","2623","329","El Paso","23.8"
"776","Andrews Air Force Base","MD","Garage Door","CPL","37.5","37.5","1","3130","171","Prince George's","23.76"
"777","Fort Thomas","KY","Garage Door","CPL","74","74","1","17169","1173","Campbell","23.73"
"778","Millbrook","AL","Garage Door","CPL","74","74","1","17189","454","Elmore","23.72"
"779","Glen Mills","PA","Garage Door","CPL","36.5","36.5","1","2948","510","Delaware","23.69"
"780","Cedar Hill","TX","Garage Door","CPL","74","74","2","48879","524","Dallas","23.67"
"781","Columbus","GA","Garage Door","CPL","74","74","6","256672","365","Muscogee","23.57"
"782","Harleysville","PA","Garage Door","CPL","37.5","37.5","2","9090","835","Montgomery","23.51"
"783","Roebling","NJ","Garage Door","CPL","38.5","38.5","1","3452","1400","Burlington","23.45"
"784","Calera","AL","Garage Door","CPL","74","74","1","17714","273","Shelby","23.44"
"785","Spring","TX","Garage Door","CPL","36.5","36.5","8","68580","1152","Harris","23.42"
"786","Lebanon","IN","Garage Door","CPL","74","74","1","17812","392","Boone","23.39"
"787","Schenectady","NY","Garage Door","CPL","36.5","36.5","8","68847","2448","Schenectady","23.39"
"788","Roswell","GA","Garage Door","CPL","74","74","3","92621","878","Fulton","23.38"
"789","Villa Rica","GA","Garage Door","CPL","75","75","1","18551","469","Carroll","23.32"
"790","Conshohocken","PA","Garage Door","CPL","37.5","37.5","2","9282","3551","Montgomery","23.31"
"791","North Druid Hills","GA","Garage Door","CPL","74","74","1","17997","1783","DeKalb","23.29"
"792","Burlington","KY","Garage Door","CPL","74","74","1","18008","793","Boone","23.28"
"793","Monrovia","MD","Garage Door","CPL","38.5","38.5","1","3568","503","Frederick","23.15"
"794","Dunwoody","GA","Garage Door","CPL","74","74","2","51758","1532","DeKalb","23.13"
"795","Katy","TX","Garage Door","CPL","36.5","36.5","4","25184","603","Waller","23.07"
"796","Snohomish","WA","Garage Door","CPL","38.5","38.5","2","10239","1116","Snohomish","23.01"
"797","Wyncote","PA","Garage Door","CPL","37.5","37.5","1","3389","1579","Montgomery","23.01"
"798","Hoosick Falls","NY","Garage Door","CPL","36.5","36.5","1","3177","771","Rensselaer","22.99"
"799","Holly Springs","GA","Garage Door","CPL","74","74","1","18627","933","Cherokee","22.97"
"800","Annapolis","MD","Garage Door","CPL","38.5","38.5","5","40720","2183","Anne Arundel","22.96"
"801","Temecula","CA","Garage Door","CPL","78","78","3","111167","1147","Riverside","22.91"
"802","Malvern","PA","Garage Door","CPL","37.5","37.5","1","3435","1050","Chester","22.89"
"803","Gibbstown","NJ","Garage Door","CPL","38.5","38.5","1","3685","821","Gloucester","22.85"
"804","Ravena","NY","Garage Door","CPL","36.5","36.5","1","3243","856","Albany","22.8"
"805","Laurel","MD","Garage Door","CPL","38.5","38","4","29798","2401","Prince George's","22.75"
"806","Anna","TX","Garage Door","CPL","81.5","81.5","1","24330","452","Collin","22.74"
"807","Bel Air","MD","Garage Door","CPL","38.5","38.5","2","10585","1350","Harford","22.71"
"808","Springfield","TN","Garage Door","CPL","74","74","1","19255","537","Robertson","22.67"
"809","Raymore","MO","Garage Door","CPL","81.5","81.5","1","24526","532","Cass","22.66"
"810","Seagoville","TX","Garage Door","CPL","74","74","1","19352","389","Dallas","22.62"
"811","Winder","GA","Garage Door","CPL","74","74","1","19437","488","Barrow","22.58"
"812","Ellenwood","GA","Garage Door","CPL","74","74","1","19504","822","Clayton","22.55"
"813","Denver","NC","Garage Door","CPL","32.5","32.5","1","2497","162","Lincoln","22.53"
"814","Laveen","AZ","Garage Door","CPL","32.5","32.5","1","836","51","Maricopa","22.53"
"815","McAdenville","NC","Garage Door","CPL","32.5","32.5","1","1010","324","Gaston","22.53"
"816","Carmel","IN","Garage Door","CPL","74","74","3","101651","791","Hamilton","22.52"
"817","Puyallup","WA","Garage Door","CPL","38.5","38.5","5","42746","1146","Pierce","22.52"
"818","Suwanee","GA","Garage Door","CPL","78","78","1","22349","757","Gwinnett","22.51"
"819","Belton","MO","Garage Door","CPL","81.5","81.5","1","25008","660","Cass","22.49"
"820","Fishers","IN","Garage Door","CPL","74","74","3","102337","1077","Hamilton","22.46"
"821","Princeton","TX","Garage Door","CPL","81.5","81.5","1","25229","573","Collin","22.41"
"822","Erlanger","KY","Garage Door","CPL","74","74","1","19875","905","Kenton","22.38"
"823","Feasterville Trevose","PA","Garage Door","CPL","37.5","37.5","1","3635","2028","Bucks","22.38"
"824","Springfield","VA","Garage Door","CPL","38.5","38.5","4","31154","1520","Fairfax","22.35"
"825","Springboro","OH","Garage Door","CPL","74","74","1","19980","819","Warren","22.34"
"826","Merchantville","NJ","Garage Door","CPL","38.5","38.5","1","3905","2482","Camden","22.33"
"827","Lawrence Township","NJ","Garage Door","CPL","38.5","38.5","1","3924","1463","Mercer","22.28"
"828","Oaklyn","NJ","Garage Door","CPL","38.5","38.5","1","3947","2421","Camden","22.23"
"829","Shelbyville","IN","Garage Door","CPL","74","74","1","20296","560","Shelby","22.2"
"830","Bethel","MN","Garage Door","CPL","32","32","1","474","220","Anoka","22.18"
"831","Cologne","MN","Garage Door","CPL","32","32","1","2282","463","Carver","22.18"
"832","Hamburg","MN","Garage Door","CPL","32","32","1","547","335","Carver","22.18"
"833","Hampton","MN","Garage Door","CPL","32","32","1","590","160","Dakota","22.18"
"834","Long Lake","MN","Garage Door","CPL","32","32","1","1728","771","Hennepin","22.18"
"835","Maple Plain","MN","Garage Door","CPL","32","32","1","1701","685","Hennepin","22.18"
"836","Mendota","MN","Garage Door","CPL","32","32","1","207","371","Dakota","22.18"
"837","New Germany","MN","Garage Door","CPL","32","32","1","595","225","Carver","22.18"
"838","Randolph","MN","Garage Door","CPL","32","32","1","461","188","Dakota","22.18"
"839","Saint Bonifacius","MN","Garage Door","CPL","32","32","1","1997","736","Hennepin","22.18"
"840","Spring Park","MN","Garage Door","CPL","32","32","1","1896","2085","Hennepin","22.18"
"841","Vermillion","MN","Garage Door","CPL","32","32","1","399","174","Dakota","22.18"
"842","Willernie","MN","Garage Door","CPL","32","32","1","495","1876","Washington","22.18"
"843","West Sand Lake","NY","Garage Door","CPL","36.5","36.5","1","3479","280","Rensselaer","22.17"
"844","Prairie Village","KS","Garage Door","CPL","77.5","77.5","1","22874","1426","Johnson","22.16"
"845","Wynantskill","NY","Garage Door","CPL","36.5","36.5","1","3487","415","Rensselaer","22.15"
"846","Colleyville","TX","Garage Door","CPL","81.5","81.5","1","26012","763","Tarrant","22.14"
"847","Mayer","MN","Garage Door","CPL","32","32","1","2518","703","Carver","22.12"
"848","Sandy Springs","GA","Garage Door","CPL","74","74","3","107087","1098","Fulton","22.06"
"849","Brentwood","MD","Garage Door","CPL","37.5","37.5","1","3777","2793","Prince George's","22.04"
"850","Excelsior","MN","Garage Door","CPL","32","32","1","2570","1448","Hennepin","21.94"
"851","Osseo","MN","Garage Door","CPL","32","32","1","2584","1353","Hennepin","21.89"
"852","South Fulton","GA","Garage Door","CPL","74","74","3","110471","454","Fulton","21.79"
"853","Spring City","PA","Garage Door","CPL","36.5","36.5","1","3657","1786","Chester","21.73"
"854","Lebanon","OH","Garage Door","CPL","74","74","1","21501","608","Warren","21.69"
"855","Oxford","OH","Garage Door","CPL","74","74","1","21753","1096","Butler","21.59"
"856","Helena","AL","Garage Door","CPL","74","74","1","21769","371","Shelby","21.58"
"857","Gardner","KS","Garage Door","CPL","77.5","77.5","1","24526","636","Johnson","21.55"
"858","Clemmons","NC","Garage Door","CPL","74","74","1","21871","695","Forsyth","21.54"
"859","South Glens Falls","NY","Garage Door","CPL","36.5","36.5","1","3737","1063","Saratoga","21.54"
"860","Capitol Heights","MD","Garage Door","CPL","37.5","37.5","1","4020","1989","Prince George's","21.5"
"861","Ault","CO","Garage Door","CPL","31","31","1","2425","497","Weld","21.49"
"862","Conifer","CO","Garage Door","CPL","31","31","1","742","113","Jefferson","21.49"
"863","Eldorado Springs","CO","Garage Door","CPL","31","31","1","320","53","Boulder","21.49"
"864","Hudson","CO","Garage Door","CPL","31","31","1","2006","121","Weld","21.49"
"865","Idledale","CO","Garage Door","CPL","31","31","1","297","181","Jefferson","21.49"
"866","Indian Hills","CO","Garage Door","CPL","31","31","1","986","94","Jefferson","21.49"
"867","Jamestown","CO","Garage Door","CPL","31","31","1","324","172","Boulder","21.49"
"868","Keenesburg","CO","Garage Door","CPL","31","31","1","2347","77","Weld","21.49"
"869","Kersey","CO","Garage Door","CPL","31","31","1","1064","215","Weld","21.49"
"870","Kittredge","CO","Garage Door","CPL","31","31","1","812","173","Jefferson","21.49"
"871","Laporte","CO","Garage Door","CPL","31","31","1","1771","134","Larimer","21.49"
"872","Lyons","CO","Garage Door","CPL","31","31","1","1838","545","Boulder","21.49"
"873","Medford","NJ","Garage Door","CPL","38.5","38.5","1","4297","1446","Burlington","21.49"
"874","Morrison","CO","Garage Door","CPL","31","31","1","412","97","Jefferson","21.49"
"875","Nederland","CO","Garage Door","CPL","31","31","1","1655","397","Boulder","21.49"
"876","Nunn","CO","Garage Door","CPL","31","31","1","358","41","Weld","21.49"
"877","Pierce","CO","Garage Door","CPL","31","31","1","1201","229","Weld","21.49"
"878","Red Feather Lakes","CO","Garage Door","CPL","31","31","1","365","15","Larimer","21.49"
"879","Ward","CO","Garage Door","CPL","31","31","1","103","64","Boulder","21.49"
"880","Oxford","AL","Garage Door","CPL","74","74","1","22063","267","Calhoun","21.47"
"881","Westville","NJ","Garage Door","CPL","38.5","38.5","1","4310","1616","Gloucester","21.46"
"882","Hendersonville","TN","Garage Door","CPL","74","74","2","63091","760","Sumner","21.37"
"883","Magnolia","NJ","Garage Door","CPL","38.5","38.5","1","4354","1721","Camden","21.37"
"884","Silver Spring","MD","Garage Door","CPL","38.5","38.5","7","81462","4023","Montgomery","21.29"
"885","Thorndale","PA","Garage Door","CPL","36.5","36.5","1","3854","858","Chester","21.28"
"886","La Center","WA","Garage Door","CPL","36.5","36.5","1","3883","570","Clark","21.21"
"887","Blackwood","NJ","Garage Door","CPL","38.5","38.5","1","4443","1461","Camden","21.2"
"888","Sykesville","MD","Garage Door","CPL","38.5","38.5","1","4491","1050","Carroll","21.11"
"889","Gainesville","GA","Garage Door","CPL","74","74","4","184237","503","Hall","21.1"
"890","Highwood","IL","Garage Door","CPL","41","41","1","5301","2812","Lake","21.04"
"891","Grandview","MO","Garage Door","CPL","78","78","1","26527","677","Jackson","21.02"
"892","West Chester","PA","Garage Door","CPL","36.5","36.5","3","20666","4023","Chester","21.01"
"893","Greenwood","IN","Garage Door","CPL","74","74","2","66029","864","Johnson","20.99"
"894","Mullica Hill","NJ","Garage Door","CPL","38.5","38.5","1","4591","470","Gloucester","20.93"
"895","Mount Ephraim","NJ","Garage Door","CPL","38.5","38.5","1","4669","2030","Camden","20.79"
"896","Kingsville","MD","Garage Door","CPL","38.5","38.5","1","4687","184","Baltimore","20.75"
"897","Upper Falls","MD","Garage Door","CPL","38.5","38.5","1","4687","184","Baltimore","20.75"
"898","Bethesda","MD","Garage Door","CPL","38.5","38.5","6","69397","1962","Montgomery","20.69"
"899","West River","MD","Garage Door","CPL","38.5","38.5","1","4727","259","Anne Arundel","20.68"
"900","Cedar Park","TX","Garage Door","CPL","78","78","2","78301","1170","Williamson","20.66"
"901","Woodinville","WA","Garage Door","CPL","38.5","38.5","2","13438","924","King","20.64"
"902","Southlake","TX","Garage Door","CPL","81.5","81.5","1","31137","549","Tarrant","20.6"
"903","Brownsburg","IN","Garage Door","CPL","81.5","81.5","1","31215","688","Hendricks","20.58"
"904","Stone Park","IL","Garage Door","CPL","37.5","37.5","1","4482","4974","Cook","20.58"
"905","Norristown","PA","Garage Door","CPL","37.5","37.5","4","35893","3930","Montgomery","20.57"
"906","Narberth","PA","Garage Door","CPL","37.5","37.5","1","4511","3441","Montgomery","20.53"
"907","Pelham","AL","Garage Door","CPL","74","74","1","24827","244","Shelby","20.48"
"908","Greenfield","IN","Garage Door","CPL","74","74","1","24940","660","Hancock","20.44"
"909","University Park","TX","Garage Door","CPL","74","74","1","25155","2627","Dallas","20.37"
"910","Davidsonville","MD","Garage Door","CPL","38.5","38.5","1","4976","754","Anne Arundel","20.26"
"911","Riva","MD","Garage Door","CPL","38.5","38.5","1","4976","754","Anne Arundel","20.26"
"912","Middletown","MD","Garage Door","CPL","38.5","38.5","1","5014","931","Frederick","20.2"
"913","Abingdon","MD","Garage Door","CPL","38.5","38.5","1","5019","801","Harford","20.19"
"914","San Marcos","TX","Garage Door","CPL","74","74","2","72811","666","Hays","20.18"
"915","Platteville","CO","Garage Door","CPL","31","31","1","2928","336","Weld","20.17"
"916","Jenkintown","PA","Garage Door","CPL","37.5","37.5","1","4727","3100","Montgomery","20.15"
"917","Mineral Springs","NC","Garage Door","CPL","32.5","32.5","1","3314","153","Union","20.13"
"918","Beasley","TX","Garage Door","CPL","29","29","1","999","355","Fort Bend","20.1"
"919","Montgomery","TX","Garage Door","CPL","29","29","1","2489","152","Montgomery","20.1"
"920","Porter","TX","Garage Door","CPL","29","29","1","987","127","Montgomery","20.1"
"921","Franklin","IN","Garage Door","CPL","74","74","1","26168","641","Johnson","20.05"
"922","Lake Bluff","IL","Garage Door","CPL","41","41","1","6041","553","Lake","19.97"
"923","Carrollton","GA","Garage Door","CPL","75","75","1","27392","453","Carroll","19.95"
"924","Trussville","AL","Garage Door","CPL","74","74","1","26673","283","Jefferson","19.9"
"925","Celina","TX","Garage Door","CPL","81.5","81.5","1","34268","217","Collin","19.82"
"926","La Salle","CO","Garage Door","CPL","31","31","1","3061","1224","Weld","19.82"
"927","Royersford","PA","Garage Door","CPL","37.5","37.5","1","4945","2410","Montgomery","19.79"
"928","Balch Springs","TX","Garage Door","CPL","74","74","1","27255","1156","Dallas","19.73"
"929","Eagleville","PA","Garage Door","CPL","37.5","37.5","1","4985","1100","Montgomery","19.72"
"930","Flourtown","PA","Garage Door","CPL","37.5","37.5","1","4992","1316","Montgomery","19.71"
"931","Manassas","VA","Garage Door","CPL","38.5","38.5","4","42976","1674","Manassas","19.65"
"932","Clementon","NJ","Garage Door","CPL","38.5","38.5","1","5410","1092","Camden","19.6"
"933","Carlsbad","CA","Garage Door","CPL","86","86","2","114373","1169","San Diego","19.58"
"934","Glendora","NJ","Garage Door","CPL","38.5","38.5","1","5431","1992","Camden","19.57"
"935","Spring House","PA","Garage Door","CPL","37.5","37.5","1","5137","734","Montgomery","19.49"
"936","Tomball","TX","Garage Door","CPL","36.5","32.75","2","13655","386","Harris","19.44"
"937","Bridgeport","PA","Garage Door","CPL","37.5","37.5","1","5174","2979","Montgomery","19.43"
"938","Anniston","AL","Garage Door","CPL","74","74","2","80156","180","Calhoun","19.42"
"939","Clarksville","TN","Garage Door","CPL","74","74","4","227059","663","Montgomery","19.41"
"940","Berkeley","IL","Garage Door","CPL","37.5","37.5","1","5199","1439","Cook","19.39"
"941","Plainfield","IN","Garage Door","CPL","81.5","81.5","1","36369","513","Hendricks","19.36"
"942","Somerdale","NJ","Garage Door","CPL","38.5","38.5","1","5581","1535","Camden","19.35"
"943","Collegeville","PA","Garage Door","CPL","37.5","37.5","1","5247","1284","Montgomery","19.32"
"944","Brinklow","MD","Garage Door","CPL","38.5","38.5","1","5630","204","Montgomery","19.29"
"945","Carefree","AZ","Garage Door","CPL","32.5","32.5","1","3683","161","Maricopa","19.29"
"946","Fulton","MD","Garage Door","CPL","38.5","38.5","1","5677","606","Howard","19.22"
"947","Independence","KY","Garage Door","CPL","74","74","1","29392","632","Kenton","19.14"
"948","Ballston Spa","NY","Garage Door","CPL","36.5","36.5","1","5027","1226","Saratoga","19.13"
"949","Lowell","NC","Garage Door","CPL","32.5","32.5","1","3768","390","Gaston","19.12"
"950","Poolesville","MD","Garage Door","CPL","38.5","38.5","1","5764","560","Montgomery","19.11"
"951","Prosper","TX","Garage Door","CPL","81.5","81.5","1","37869","530","Collin","19.05"
"952","Colorado Springs","CO","Garage Door","CPL","35","35","27","643336","923","El Paso","19.03"
"953","Evanston","IL","Garage Door","CPL","41","41","5","76340","3799","Cook","19.01"
"954","Mechanicville","NY","Garage Door","CPL","36.5","36.5","1","5124","2367","Saratoga","18.99"
"955","Hightstown","NJ","Garage Door","CPL","38.5","38.5","1","5920","1837","Mercer","18.9"
"956","Princeton","NJ","Garage Door","CPL","38.5","38.5","3","30756","655","Mercer","18.9"
"957","Sachse","TX","Garage Door","CPL","74","74","1","30491","1153","Dallas","18.86"
"958","Allen","TX","Garage Door","CPL","81.5","81.5","2","110265","1575","Collin","18.83"
"959","Liberty","MO","Garage Door","CPL","74","74","1","30689","396","Clay","18.81"
"960","Manitou Springs","CO","Garage Door","CPL","35","35","1","4735","588","El Paso","18.79"
"961","Redan","GA","Garage Door","CPL","74","74","1","31017","1452","DeKalb","18.73"
"962","Hutto","TX","Garage Door","CPL","78","78","1","35483","840","Williamson","18.71"
"963","Norwood Young America","MN","Garage Door","CPL","32","32","1","3849","606","Carver","18.66"
"964","Vancouver","WA","Garage Door","CPL","36.5","36.5","11","195300","1525","Clark","18.66"
"965","Young America","MN","Garage Door","CPL","32","32","1","3849","606","Carver","18.66"
"966","Forney","TX","Garage Door","CPL","74","74","1","31532","686","Kaufman","18.61"
"967","Merion Station","PA","Garage Door","CPL","37.5","37.5","1","5788","1684","Montgomery","18.58"
"968","Mckinney","TX","Garage Door","CPL","81.5","81.5","3","210600","1143","Collin","18.54"
"969","Stanley","NC","Garage Door","CPL","32.5","32.5","1","4069","507","Gaston","18.54"
"970","Ballston Lake","NY","Garage Door","CPL","36.5","36.5","1","5445","630","Saratoga","18.53"
"971","Clifton Park","NY","Garage Door","CPL","36.5","36.5","1","5445","630","Saratoga","18.53"
"972","Sterling","VA","Garage Door","CPL","38.5","38.5","3","32411","2213","Loudoun","18.51"
"973","Gaithersburg","MD","Garage Door","CPL","38.5","38.5","5","69825","2585","Montgomery","18.5"
"974","Hampstead","MD","Garage Door","CPL","38.5","38.5","1","6251","729","Carroll","18.5"
"975","Paulsboro","NJ","Garage Door","CPL","38.5","38.5","1","6248","1247","Gloucester","18.5"
"976","Willow Springs","IL","Garage Door","CPL","37.5","37.5","1","5868","546","Cook","18.48"
"977","Zionsville","IN","Garage Door","CPL","74","74","1","32095","181","Boone","18.48"
"978","Bryn Mawr","PA","Garage Door","CPL","37.5","37.5","1","5880","2330","Montgomery","18.46"
"979","Haverford","PA","Garage Door","CPL","37.5","37.5","1","5880","2330","Montgomery","18.46"
"980","Needville","TX","Garage Door","CPL","29","29","1","3094","592","Fort Bend","18.46"
"981","District Heights","MD","Garage Door","CPL","37.5","37.5","1","5891","2625","Prince George's","18.45"
"982","Des Plaines","IL","Garage Door","CPL","41","38.38","4","59156","1611","Cook","18.42"
"983","Oreland","PA","Garage Door","CPL","37.5","37.5","1","5953","1544","Montgomery","18.37"
"984","Hoover","AL","Garage Door","CPL","74","74","2","92642","718","Jefferson","18.33"
"985","Florence","KY","Garage Door","CPL","74","74","1","32803","1117","Boone","18.32"
"986","Opelika","AL","Garage Door","CPL","74","74","1","32820","201","Lee","18.31"
"987","Walkersville","MD","Garage Door","CPL","38.5","38.5","1","6414","515","Frederick","18.31"
"988","San Diego","CA","Garage Door","CPL","86","86","16","3064435","1640","San Diego","18.3"
"989","Humble","TX","Garage Door","CPL","29","29","3","16521","642","Harris","18.26"
"990","Frisco","TX","Garage Door","CPL","81.5","81.5","3","219304","1184","Collin","18.24"
"991","Mount Laurel","NJ","Garage Door","CPL","38.5","38.5","1","6611","745","Burlington","18.09"
"992","La Quinta","CA","Garage Door","CPL","78","78","1","38707","419","Riverside","18.07"
"993","Fort Washington","PA","Garage Door","CPL","37.5","37.5","1","6271","724","Montgomery","17.99"
"994","Media","PA","Garage Door","CPL","36.5","36.5","1","5870","2970","Delaware","17.98"
"995","Middletown","OH","Garage Door","CPL","74","74","2","97529","746","Butler","17.96"
"996","Golden","CO","Garage Door","CPL","31","31","3","20417","820","Jefferson","17.93"
"997","Murrieta","CA","Garage Door","CPL","78","78","2","112064","1218","Riverside","17.9"
"998","Paoli","PA","Garage Door","CPL","37.5","37.5","1","6362","1174","Chester","17.89"
"999","Lincolnshire","IL","Garage Door","CPL","41","41","1","7980","671","Lake","17.86"
"1000","Wayzata","MN","Garage Door","CPL","32","32","1","4354","545","Hennepin","17.77"